<EML xmlns="urn:oasis:names:tc:evs:schema:eml" xmlns:ds="http://www.w3.org/2000/09/xmldsig#" xmlns:kr="http://www.kiesraad.nl/extensions" xmlns:xal="urn:oasis:names:tc:ciq:xsdschema:xAL:2.0" xmlns:xnl="urn:oasis:names:tc:ciq:xsdschema:xNL:2.0" Id="520" SchemaVersion="5"><TransactionId>1</TransactionId><ManagingAuthority><AuthorityIdentifier Id="CSB">Nederland</AuthorityIdentifier><AuthorityAddress></AuthorityAddress></ManagingAuthority><kr:CreationDateTime>2021-03-23T20:11:35.240</kr:CreationDateTime><ds:CanonicalizationMethod Algorithm="http://www.w3.org/TR/2001/REC-xml-c14n-20010315#WithComments"></ds:CanonicalizationMethod><Result><Election><ElectionIdentifier Id="TK2021"><ElectionName>Tweede Kamer der Staten-Generaal 2021</ElectionName><ElectionCategory>TK</ElectionCategory><kr:ElectionSubcategory>TK</kr:ElectionSubcategory><kr:ElectionDomain Id="1">Nederland</kr:ElectionDomain><kr:ElectionDate>2021-03-17</kr:ElectionDate></ElectionIdentifier><Contest><ContestIdentifier Id="alle"></ContestIdentifier><Selection><AffiliationIdentifier Id="1"><RegisteredName>VVD</RegisteredName></AffiliationIdentifier><Elected>yes</Elected></Selection><Selection><Candidate><CandidateIdentifier Id="1" ShortCode="RutteM"></CandidateIdentifier><CandidateFullName><xnl:PersonName><xnl:NameLine NameType="Initials">M.</xnl:NameLine><xnl:FirstName>Mark</xnl:FirstName><xnl:NamePrefix></xnl:NamePrefix><xnl:LastName>Rutte</xnl:LastName></xnl:PersonName></CandidateFullName><Gender>male</Gender><QualifyingAddress><xal:Locality><xal:LocalityName>'s-Gravenhage</xal:LocalityName></xal:Locality></QualifyingAddress></Candidate><Ranking>1</Ranking><Elected>yes</Elected></Selection><Selection><Candidate><CandidateIdentifier Id="2" ShortCode="ArkT"></CandidateIdentifier><CandidateFullName><xnl:PersonName><xnl:NameLine NameType="Initials">T.</xnl:NameLine><xnl:FirstName>Tamara</xnl:FirstName><xnl:NamePrefix>van</xnl:NamePrefix><xnl:LastName>Ark</xnl:LastName></xnl:PersonName></CandidateFullName><Gender>female</Gender><QualifyingAddress><xal:Locality><xal:LocalityName>Nieuwerkerk aan den IJssel</xal:LocalityName></xal:Locality></QualifyingAddress></Candidate><Ranking>1</Ranking><Elected>yes</Elected></Selection><Selection><Candidate><CandidateIdentifier Id="3" ShortCode="YeşilgözZegerD"></CandidateIdentifier><CandidateFullName><xnl:PersonName><xnl:NameLine NameType="Initials">D.</xnl:NameLine><xnl:FirstName>Dilan</xnl:FirstName><xnl:NamePrefix></xnl:NamePrefix><xnl:LastName>Yeşilgöz-Zegerius</xnl:LastName></xnl:PersonName></CandidateFullName><Gender>female</Gender><QualifyingAddress><xal:Locality><xal:LocalityName>Amsterdam</xal:LocalityName></xal:Locality></QualifyingAddress></Candidate><Ranking>1</Ranking><Elected>yes</Elected></Selection><Selection><Candidate><CandidateIdentifier Id="4" ShortCode="HermansSTM"></CandidateIdentifier><CandidateFullName><xnl:PersonName><xnl:NameLine NameType="Initials">S.T.M.</xnl:NameLine><xnl:FirstName>Sophie</xnl:FirstName><xnl:NamePrefix></xnl:NamePrefix><xnl:LastName>Hermans</xnl:LastName></xnl:PersonName></CandidateFullName><Gender>female</Gender><QualifyingAddress><xal:Locality><xal:LocalityName>Amsterdam</xal:LocalityName></xal:Locality></QualifyingAddress></Candidate><Ranking>1</Ranking><Elected>yes</Elected></Selection><Selection><Candidate><CandidateIdentifier Id="5" ShortCode="BeckerB"></CandidateIdentifier><CandidateFullName><xnl:PersonName><xnl:NameLine NameType="Initials">B.</xnl:NameLine><xnl:FirstName>Bente</xnl:FirstName><xnl:NamePrefix></xnl:NamePrefix><xnl:LastName>Becker</xnl:LastName></xnl:PersonName></CandidateFullName><Gender>female</Gender><QualifyingAddress><xal:Locality><xal:LocalityName>'s-Gravenhage</xal:LocalityName></xal:Locality></QualifyingAddress></Candidate><Ranking>1</Ranking><Elected>yes</Elected></Selection><Selection><Candidate><CandidateIdentifier Id="6" ShortCode="WoutB"></CandidateIdentifier><CandidateFullName><xnl:PersonName><xnl:NameLine NameType="Initials">B.</xnl:NameLine><xnl:FirstName>Bas</xnl:FirstName><xnl:NamePrefix>van 't</xnl:NamePrefix><xnl:LastName>Wout</xnl:LastName></xnl:PersonName></CandidateFullName><Gender>male</Gender><QualifyingAddress><xal:Locality><xal:LocalityName>Hoeven</xal:LocalityName></xal:Locality></QualifyingAddress></Candidate><Ranking>2</Ranking><Elected>yes</Elected></Selection><Selection><Candidate><CandidateIdentifier Id="7" ShortCode="HarbersMGJ"></CandidateIdentifier><CandidateFullName><xnl:PersonName><xnl:NameLine NameType="Initials">M.G.J.</xnl:NameLine><xnl:FirstName>Mark</xnl:FirstName><xnl:NamePrefix></xnl:NamePrefix><xnl:LastName>Harbers</xnl:LastName></xnl:PersonName></CandidateFullName><Gender>male</Gender><QualifyingAddress><xal:Locality><xal:LocalityName>Rotterdam</xal:LocalityName></xal:Locality></QualifyingAddress></Candidate><Ranking>2</Ranking><Elected>yes</Elected></Selection><Selection><Candidate><CandidateIdentifier Id="8" ShortCode="VriesA"></CandidateIdentifier><CandidateFullName><xnl:PersonName><xnl:NameLine NameType="Initials">A.</xnl:NameLine><xnl:FirstName>Aukje</xnl:FirstName><xnl:NamePrefix>de</xnl:NamePrefix><xnl:LastName>Vries</xnl:LastName></xnl:PersonName></CandidateFullName><Gender>female</Gender><QualifyingAddress><xal:Locality><xal:LocalityName>Leeuwarden</xal:LocalityName></xal:Locality></QualifyingAddress></Candidate><Ranking>2</Ranking><Elected>yes</Elected></Selection><Selection><Candidate><CandidateIdentifier Id="9" ShortCode="WiersmaAD"></CandidateIdentifier><CandidateFullName><xnl:PersonName><xnl:NameLine NameType="Initials">A.D.</xnl:NameLine><xnl:FirstName>Dennis</xnl:FirstName><xnl:NamePrefix></xnl:NamePrefix><xnl:LastName>Wiersma</xnl:LastName></xnl:PersonName></CandidateFullName><Gender>male</Gender><QualifyingAddress><xal:Locality><xal:LocalityName>Utrecht</xal:LocalityName></xal:Locality></QualifyingAddress></Candidate><Ranking>2</Ranking><Elected>yes</Elected></Selection><Selection><Candidate><CandidateIdentifier Id="10" ShortCode="TellegenOC"></CandidateIdentifier><CandidateFullName><xnl:PersonName><xnl:NameLine NameType="Initials">O.C.</xnl:NameLine><xnl:FirstName>Ockje</xnl:FirstName><xnl:NamePrefix></xnl:NamePrefix><xnl:LastName>Tellegen</xnl:LastName></xnl:PersonName></CandidateFullName><Gender>female</Gender><QualifyingAddress><xal:Locality><xal:LocalityName>'s-Gravenhage</xal:LocalityName></xal:Locality></QualifyingAddress></Candidate><Ranking>2</Ranking><Elected>yes</Elected></Selection><Selection><Candidate><CandidateIdentifier Id="11" ShortCode="AartsenAA"></CandidateIdentifier><CandidateFullName><xnl:PersonName><xnl:NameLine NameType="Initials">A.A.</xnl:NameLine><xnl:FirstName>Thierry</xnl:FirstName><xnl:NamePrefix></xnl:NamePrefix><xnl:LastName>Aartsen</xnl:LastName></xnl:PersonName></CandidateFullName><Gender>male</Gender><QualifyingAddress><xal:Locality><xal:LocalityName>Breda</xal:LocalityName></xal:Locality></QualifyingAddress></Candidate><Ranking>2</Ranking><Elected>yes</Elected></Selection><Selection><Candidate><CandidateIdentifier Id="12" ShortCode="HeinenE"></CandidateIdentifier><CandidateFullName><xnl:PersonName><xnl:NameLine NameType="Initials">E.</xnl:NameLine><xnl:FirstName>Eelco</xnl:FirstName><xnl:NamePrefix></xnl:NamePrefix><xnl:LastName>Heinen</xnl:LastName></xnl:PersonName></CandidateFullName><Gender>male</Gender><QualifyingAddress><xal:Locality><xal:LocalityName>'s-Gravenhage</xal:LocalityName></xal:Locality></QualifyingAddress></Candidate><Ranking>2</Ranking><Elected>yes</Elected></Selection><Selection><Candidate><CandidateIdentifier Id="13" ShortCode="RajkowskiQM"></CandidateIdentifier><CandidateFullName><xnl:PersonName><xnl:NameLine NameType="Initials">Q.M.</xnl:NameLine><xnl:FirstName>Queeny-Aimée</xnl:FirstName><xnl:NamePrefix></xnl:NamePrefix><xnl:LastName>Rajkowski</xnl:LastName></xnl:PersonName></CandidateFullName><Gender>female</Gender><QualifyingAddress><xal:Locality><xal:LocalityName>Utrecht</xal:LocalityName></xal:Locality></QualifyingAddress></Candidate><Ranking>2</Ranking><Elected>yes</Elected></Selection><Selection><Candidate><CandidateIdentifier Id="14" ShortCode="KammingaRJ"></CandidateIdentifier><CandidateFullName><xnl:PersonName><xnl:NameLine NameType="Initials">R.J.</xnl:NameLine><xnl:FirstName>Roelien</xnl:FirstName><xnl:NamePrefix></xnl:NamePrefix><xnl:LastName>Kamminga</xnl:LastName></xnl:PersonName></CandidateFullName><Gender>female</Gender><QualifyingAddress><xal:Locality><xal:LocalityName>Groningen</xal:LocalityName></xal:Locality></QualifyingAddress></Candidate><Ranking>2</Ranking><Elected>yes</Elected></Selection><Selection><Candidate><CandidateIdentifier Id="15" ShortCode="YassiniZ"></CandidateIdentifier><CandidateFullName><xnl:PersonName><xnl:NameLine NameType="Initials">Z.</xnl:NameLine><xnl:FirstName>Zohair</xnl:FirstName><xnl:NamePrefix>El</xnl:NamePrefix><xnl:LastName>Yassini</xnl:LastName></xnl:PersonName></CandidateFullName><Gender>male</Gender><QualifyingAddress><xal:Locality><xal:LocalityName>Utrecht</xal:LocalityName></xal:Locality></QualifyingAddress></Candidate><Ranking>2</Ranking><Elected>yes</Elected></Selection><Selection><Candidate><CandidateIdentifier Id="16" ShortCode="CampenAAH"></CandidateIdentifier><CandidateFullName><xnl:PersonName><xnl:NameLine NameType="Initials">A.A.H.</xnl:NameLine><xnl:FirstName>Thom</xnl:FirstName><xnl:NamePrefix>van</xnl:NamePrefix><xnl:LastName>Campen</xnl:LastName></xnl:PersonName></CandidateFullName><Gender>male</Gender><QualifyingAddress><xal:Locality><xal:LocalityName>Zwolle</xal:LocalityName></xal:Locality></QualifyingAddress></Candidate><Ranking>2</Ranking><Elected>yes</Elected></Selection><Selection><Candidate><CandidateIdentifier Id="17" ShortCode="PaulMLJ"></CandidateIdentifier><CandidateFullName><xnl:PersonName><xnl:NameLine NameType="Initials">M.L.J.</xnl:NameLine><xnl:FirstName>Mariëlle</xnl:FirstName><xnl:NamePrefix></xnl:NamePrefix><xnl:LastName>Paul</xnl:LastName></xnl:PersonName></CandidateFullName><Gender>female</Gender><QualifyingAddress><xal:Locality><xal:LocalityName>Amsterdam</xal:LocalityName></xal:Locality></QualifyingAddress></Candidate><Ranking>2</Ranking><Elected>yes</Elected></Selection><Selection><Candidate><CandidateIdentifier Id="18" ShortCode="ErkensSPA"></CandidateIdentifier><CandidateFullName><xnl:PersonName><xnl:NameLine NameType="Initials">S.P.A.</xnl:NameLine><xnl:FirstName>Silvio</xnl:FirstName><xnl:NamePrefix></xnl:NamePrefix><xnl:LastName>Erkens</xnl:LastName></xnl:PersonName></CandidateFullName><Gender>male</Gender><QualifyingAddress><xal:Locality><xal:LocalityName>Kerkrade</xal:LocalityName></xal:Locality></QualifyingAddress></Candidate><Ranking>2</Ranking><Elected>yes</Elected></Selection><Selection><Candidate><CandidateIdentifier Id="19" ShortCode="KoerhuisDAN"></CandidateIdentifier><CandidateFullName><xnl:PersonName><xnl:NameLine NameType="Initials">D.A.N.</xnl:NameLine><xnl:FirstName>Daniel</xnl:FirstName><xnl:NamePrefix></xnl:NamePrefix><xnl:LastName>Koerhuis</xnl:LastName></xnl:PersonName></CandidateFullName><Gender>male</Gender><QualifyingAddress><xal:Locality><xal:LocalityName>Raalte</xal:LocalityName></xal:Locality></QualifyingAddress></Candidate><Ranking>2</Ranking><Elected>yes</Elected></Selection><Selection><Candidate><CandidateIdentifier Id="20" ShortCode="MichonDerkzIJM"></CandidateIdentifier><CandidateFullName><xnl:PersonName><xnl:NameLine NameType="Initials">I.J.M.</xnl:NameLine><xnl:FirstName>Ingrid</xnl:FirstName><xnl:NamePrefix></xnl:NamePrefix><xnl:LastName>Michon-Derkzen</xnl:LastName></xnl:PersonName></CandidateFullName><Gender>female</Gender><QualifyingAddress><xal:Locality><xal:LocalityName>'s-Gravenhage</xal:LocalityName></xal:Locality></QualifyingAddress></Candidate><Ranking>2</Ranking><Elected>yes</Elected></Selection><Selection><Candidate><CandidateIdentifier Id="21" ShortCode="ValstarPJ"></CandidateIdentifier><CandidateFullName><xnl:PersonName><xnl:NameLine NameType="Initials">P.J.</xnl:NameLine><xnl:FirstName>Peter</xnl:FirstName><xnl:NamePrefix></xnl:NamePrefix><xnl:LastName>Valstar</xnl:LastName></xnl:PersonName></CandidateFullName><Gender>male</Gender><QualifyingAddress><xal:Locality><xal:LocalityName>'s-Gravenzande</xal:LocalityName></xal:Locality></QualifyingAddress></Candidate><Ranking>2</Ranking><Elected>yes</Elected></Selection><Selection><Candidate><CandidateIdentifier Id="22" ShortCode="EllianU"></CandidateIdentifier><CandidateFullName><xnl:PersonName><xnl:NameLine NameType="Initials">U.</xnl:NameLine><xnl:FirstName>Ulysse</xnl:FirstName><xnl:NamePrefix></xnl:NamePrefix><xnl:LastName>Ellian</xnl:LastName></xnl:PersonName></CandidateFullName><Gender>male</Gender><QualifyingAddress><xal:Locality><xal:LocalityName>Almere</xal:LocalityName></xal:Locality></QualifyingAddress></Candidate><Ranking>2</Ranking><Elected>yes</Elected></Selection><Selection><Candidate><CandidateIdentifier Id="23" ShortCode="WijngaardenJ"></CandidateIdentifier><CandidateFullName><xnl:PersonName><xnl:NameLine NameType="Initials">J.</xnl:NameLine><xnl:FirstName>Jeroen</xnl:FirstName><xnl:NamePrefix>Van</xnl:NamePrefix><xnl:LastName>Wijngaarden</xnl:LastName></xnl:PersonName></CandidateFullName><Gender>male</Gender><QualifyingAddress><xal:Locality><xal:LocalityName>Amsterdam</xal:LocalityName></xal:Locality></QualifyingAddress></Candidate><Ranking>2</Ranking><Elected>yes</Elected></Selection><Selection><Candidate><CandidateIdentifier Id="24" ShortCode="GrootPC"></CandidateIdentifier><CandidateFullName><xnl:PersonName><xnl:NameLine NameType="Initials">P.C.</xnl:NameLine><xnl:FirstName>Peter</xnl:FirstName><xnl:NamePrefix>de</xnl:NamePrefix><xnl:LastName>Groot</xnl:LastName></xnl:PersonName></CandidateFullName><Gender>male</Gender><QualifyingAddress><xal:Locality><xal:LocalityName>Harderwijk</xal:LocalityName></xal:Locality></QualifyingAddress></Candidate><Ranking>2</Ranking><Elected>yes</Elected></Selection><Selection><Candidate><CandidateIdentifier Id="25" ShortCode="HilJ"></CandidateIdentifier><CandidateFullName><xnl:PersonName><xnl:NameLine NameType="Initials">J.</xnl:NameLine><xnl:FirstName>Jacqueline</xnl:FirstName><xnl:NamePrefix>van den</xnl:NamePrefix><xnl:LastName>Hil</xnl:LastName></xnl:PersonName></CandidateFullName><Gender>female</Gender><QualifyingAddress><xal:Locality><xal:LocalityName>Goes</xal:LocalityName></xal:Locality></QualifyingAddress></Candidate><Ranking>2</Ranking><Elected>yes</Elected></Selection><Selection><Candidate><CandidateIdentifier Id="26" ShortCode="MinhasFB"></CandidateIdentifier><CandidateFullName><xnl:PersonName><xnl:NameLine NameType="Initials">F.B.</xnl:NameLine><xnl:FirstName>Fahid</xnl:FirstName><xnl:NamePrefix></xnl:NamePrefix><xnl:LastName>Minhas</xnl:LastName></xnl:PersonName></CandidateFullName><Gender>male</Gender><QualifyingAddress><xal:Locality><xal:LocalityName>Schiedam</xal:LocalityName></xal:Locality></QualifyingAddress></Candidate><Ranking>2</Ranking><Elected>yes</Elected></Selection><Selection><Candidate><CandidateIdentifier Id="27" ShortCode="TielenJZCM"></CandidateIdentifier><CandidateFullName><xnl:PersonName><xnl:NameLine NameType="Initials">J.Z.C.M.</xnl:NameLine><xnl:FirstName>Judith</xnl:FirstName><xnl:NamePrefix></xnl:NamePrefix><xnl:LastName>Tielen</xnl:LastName></xnl:PersonName></CandidateFullName><Gender>female</Gender><QualifyingAddress><xal:Locality><xal:LocalityName>Utrecht</xal:LocalityName></xal:Locality></QualifyingAddress></Candidate><Ranking>2</Ranking><Elected>yes</Elected></Selection><Selection><Candidate><CandidateIdentifier Id="28" ShortCode="KortAHJ"></CandidateIdentifier><CandidateFullName><xnl:PersonName><xnl:NameLine NameType="Initials">A.H.J.</xnl:NameLine><xnl:FirstName>Daan</xnl:FirstName><xnl:NamePrefix>de</xnl:NamePrefix><xnl:LastName>Kort</xnl:LastName></xnl:PersonName></CandidateFullName><Gender>male</Gender><QualifyingAddress><xal:Locality><xal:LocalityName>Veldhoven</xal:LocalityName></xal:Locality></QualifyingAddress></Candidate><Ranking>2</Ranking><Elected>yes</Elected></Selection><Selection><Candidate><CandidateIdentifier Id="29" ShortCode="HeeremaRJ"></CandidateIdentifier><CandidateFullName><xnl:PersonName><xnl:NameLine NameType="Initials">R.J.</xnl:NameLine><xnl:FirstName>Rudmer</xnl:FirstName><xnl:NamePrefix></xnl:NamePrefix><xnl:LastName>Heerema</xnl:LastName></xnl:PersonName></CandidateFullName><Gender>male</Gender><QualifyingAddress><xal:Locality><xal:LocalityName>Alkmaar</xal:LocalityName></xal:Locality></QualifyingAddress></Candidate><Ranking>2</Ranking><Elected>yes</Elected></Selection><Selection><Candidate><CandidateIdentifier Id="30" ShortCode="BrekelmansRP"></CandidateIdentifier><CandidateFullName><xnl:PersonName><xnl:NameLine NameType="Initials">R.P.</xnl:NameLine><xnl:FirstName>Ruben</xnl:FirstName><xnl:NamePrefix></xnl:NamePrefix><xnl:LastName>Brekelmans</xnl:LastName></xnl:PersonName></CandidateFullName><Gender>male</Gender><QualifyingAddress><xal:Locality><xal:LocalityName>Oisterwijk</xal:LocalityName></xal:Locality></QualifyingAddress></Candidate><Ranking>2</Ranking><Elected>yes</Elected></Selection><Selection><Candidate><CandidateIdentifier Id="31" ShortCode="StrienPJT"></CandidateIdentifier><CandidateFullName><xnl:PersonName><xnl:NameLine NameType="Initials">P.J.T.</xnl:NameLine><xnl:FirstName>Pim</xnl:FirstName><xnl:NamePrefix>van</xnl:NamePrefix><xnl:LastName>Strien</xnl:LastName></xnl:PersonName></CandidateFullName><Gender>male</Gender><QualifyingAddress><xal:Locality><xal:LocalityName>Amsterdam</xal:LocalityName></xal:Locality></QualifyingAddress></Candidate><Ranking>2</Ranking><Elected>yes</Elected></Selection><Selection><Candidate><CandidateIdentifier Id="32" ShortCode="WoudeHH"></CandidateIdentifier><CandidateFullName><xnl:PersonName><xnl:NameLine NameType="Initials">H.H.</xnl:NameLine><xnl:FirstName>Hatte</xnl:FirstName><xnl:NamePrefix>van der</xnl:NamePrefix><xnl:LastName>Woude</xnl:LastName></xnl:PersonName></CandidateFullName><Gender>female</Gender><QualifyingAddress><xal:Locality><xal:LocalityName>Delft</xal:LocalityName></xal:Locality></QualifyingAddress></Candidate><Ranking>2</Ranking><Elected>yes</Elected></Selection><Selection><Candidate><CandidateIdentifier Id="33" ShortCode="IdsingaFL"></CandidateIdentifier><CandidateFullName><xnl:PersonName><xnl:NameLine NameType="Initials">F.L.</xnl:NameLine><xnl:FirstName>Folkert</xnl:FirstName><xnl:NamePrefix></xnl:NamePrefix><xnl:LastName>Idsinga</xnl:LastName></xnl:PersonName></CandidateFullName><Gender>male</Gender><QualifyingAddress><xal:Locality><xal:LocalityName>Amsterdam</xal:LocalityName></xal:Locality></QualifyingAddress></Candidate><Ranking>2</Ranking><Elected>yes</Elected></Selection><Selection><Candidate><CandidateIdentifier Id="34" ShortCode="NeefD"></CandidateIdentifier><CandidateFullName><xnl:PersonName><xnl:NameLine NameType="Initials">D.</xnl:NameLine><xnl:FirstName>Daan</xnl:FirstName><xnl:NamePrefix>de</xnl:NamePrefix><xnl:LastName>Neef</xnl:LastName></xnl:PersonName></CandidateFullName><Gender>male</Gender><QualifyingAddress><xal:Locality><xal:LocalityName>Breda</xal:LocalityName></xal:Locality></QualifyingAddress></Candidate><Ranking>2</Ranking><Elected>yes</Elected></Selection><Selection><AffiliationIdentifier Id="2"><RegisteredName>PVV (Partij voor de Vrijheid)</RegisteredName></AffiliationIdentifier><Elected>yes</Elected></Selection><Selection><Candidate><CandidateIdentifier Id="1" ShortCode="WildersG"></CandidateIdentifier><CandidateFullName><xnl:PersonName><xnl:NameLine NameType="Initials">G.</xnl:NameLine><xnl:FirstName>Geert</xnl:FirstName><xnl:NamePrefix></xnl:NamePrefix><xnl:LastName>Wilders</xnl:LastName></xnl:PersonName></CandidateFullName><Gender>male</Gender><QualifyingAddress><xal:Locality><xal:LocalityName>'s-Gravenhage</xal:LocalityName></xal:Locality></QualifyingAddress></Candidate><Ranking>1</Ranking><Elected>yes</Elected></Selection><Selection><Candidate><CandidateIdentifier Id="2" ShortCode="AgemaM"></CandidateIdentifier><CandidateFullName><xnl:PersonName><xnl:NameLine NameType="Initials">M.</xnl:NameLine><xnl:FirstName>Fleur</xnl:FirstName><xnl:NamePrefix></xnl:NamePrefix><xnl:LastName>Agema</xnl:LastName></xnl:PersonName></CandidateFullName><Gender>female</Gender><QualifyingAddress><xal:Locality><xal:LocalityName>'s-Gravenhage</xal:LocalityName></xal:Locality></QualifyingAddress></Candidate><Ranking>1</Ranking><Elected>yes</Elected></Selection><Selection><Candidate><CandidateIdentifier Id="3" ShortCode="BosmaM"></CandidateIdentifier><CandidateFullName><xnl:PersonName><xnl:NameLine NameType="Initials">M.</xnl:NameLine><xnl:FirstName>Martin</xnl:FirstName><xnl:NamePrefix></xnl:NamePrefix><xnl:LastName>Bosma</xnl:LastName></xnl:PersonName></CandidateFullName><Gender>male</Gender><QualifyingAddress><xal:Locality><xal:LocalityName>Amsterdam</xal:LocalityName></xal:Locality></QualifyingAddress></Candidate><Ranking>1</Ranking><Elected>yes</Elected></Selection><Selection><Candidate><CandidateIdentifier Id="4" ShortCode="MarkuszowerG"></CandidateIdentifier><CandidateFullName><xnl:PersonName><xnl:NameLine NameType="Initials">G.</xnl:NameLine><xnl:FirstName>Gidi</xnl:FirstName><xnl:NamePrefix></xnl:NamePrefix><xnl:LastName>Markuszower</xnl:LastName></xnl:PersonName></CandidateFullName><Gender>male</Gender><QualifyingAddress><xal:Locality><xal:LocalityName>Amsterdam</xal:LocalityName></xal:Locality></QualifyingAddress></Candidate><Ranking>2</Ranking><Elected>yes</Elected></Selection><Selection><Candidate><CandidateIdentifier Id="5" ShortCode="JongLWE"></CandidateIdentifier><CandidateFullName><xnl:PersonName><xnl:NameLine NameType="Initials">L.W.E.</xnl:NameLine><xnl:FirstName>Léon</xnl:FirstName><xnl:NamePrefix>de</xnl:NamePrefix><xnl:LastName>Jong</xnl:LastName></xnl:PersonName></CandidateFullName><Gender>male</Gender><QualifyingAddress><xal:Locality><xal:LocalityName>'s-Gravenhage</xal:LocalityName></xal:Locality></QualifyingAddress></Candidate><Ranking>2</Ranking><Elected>yes</Elected></Selection><Selection><Candidate><CandidateIdentifier Id="6" ShortCode="MaeijerV"></CandidateIdentifier><CandidateFullName><xnl:PersonName><xnl:NameLine NameType="Initials">V.</xnl:NameLine><xnl:FirstName>Vicky</xnl:FirstName><xnl:NamePrefix></xnl:NamePrefix><xnl:LastName>Maeijer</xnl:LastName></xnl:PersonName></CandidateFullName><Gender>female</Gender><QualifyingAddress><xal:Locality><xal:LocalityName>Krimpen aan den IJssel</xal:LocalityName></xal:Locality></QualifyingAddress></Candidate><Ranking>2</Ranking><Elected>yes</Elected></Selection><Selection><Candidate><CandidateIdentifier Id="7" ShortCode="KopsA"></CandidateIdentifier><CandidateFullName><xnl:PersonName><xnl:NameLine NameType="Initials">A.</xnl:NameLine><xnl:FirstName>Alexander</xnl:FirstName><xnl:NamePrefix></xnl:NamePrefix><xnl:LastName>Kops</xnl:LastName></xnl:PersonName></CandidateFullName><Gender>male</Gender><QualifyingAddress><xal:Locality><xal:LocalityName>Overasselt</xal:LocalityName></xal:Locality></QualifyingAddress></Candidate><Ranking>2</Ranking><Elected>yes</Elected></Selection><Selection><Candidate><CandidateIdentifier Id="8" ShortCode="DijckAPC"></CandidateIdentifier><CandidateFullName><xnl:PersonName><xnl:NameLine NameType="Initials">A.P.C.</xnl:NameLine><xnl:FirstName>Tony</xnl:FirstName><xnl:NamePrefix>van</xnl:NamePrefix><xnl:LastName>Dijck</xnl:LastName></xnl:PersonName></CandidateFullName><Gender>male</Gender><QualifyingAddress><xal:Locality><xal:LocalityName>'s-Gravenhage</xal:LocalityName></xal:Locality></QualifyingAddress></Candidate><Ranking>2</Ranking><Elected>yes</Elected></Selection><Selection><Candidate><CandidateIdentifier Id="9" ShortCode="HelderLMJS"></CandidateIdentifier><CandidateFullName><xnl:PersonName><xnl:NameLine NameType="Initials">L.M.J.S.</xnl:NameLine><xnl:FirstName>Lilian</xnl:FirstName><xnl:NamePrefix></xnl:NamePrefix><xnl:LastName>Helder</xnl:LastName></xnl:PersonName></CandidateFullName><Gender>female</Gender><QualifyingAddress><xal:Locality><xal:LocalityName>Venlo</xal:LocalityName></xal:Locality></QualifyingAddress></Candidate><Ranking>2</Ranking><Elected>yes</Elected></Selection><Selection><Candidate><CandidateIdentifier Id="10" ShortCode="MadlenerB"></CandidateIdentifier><CandidateFullName><xnl:PersonName><xnl:NameLine NameType="Initials">B.</xnl:NameLine><xnl:FirstName>Barry</xnl:FirstName><xnl:NamePrefix></xnl:NamePrefix><xnl:LastName>Madlener</xnl:LastName></xnl:PersonName></CandidateFullName><Gender>male</Gender><QualifyingAddress><xal:Locality><xal:LocalityName>Rockanje</xal:LocalityName></xal:Locality></QualifyingAddress></Candidate><Ranking>2</Ranking><Elected>yes</Elected></Selection><Selection><Candidate><CandidateIdentifier Id="11" ShortCode="FritsmaSR"></CandidateIdentifier><CandidateFullName><xnl:PersonName><xnl:NameLine NameType="Initials">S.R.</xnl:NameLine><xnl:FirstName>Sietse</xnl:FirstName><xnl:NamePrefix></xnl:NamePrefix><xnl:LastName>Fritsma</xnl:LastName></xnl:PersonName></CandidateFullName><Gender>male</Gender><QualifyingAddress><xal:Locality><xal:LocalityName>'s-Gravenhage</xal:LocalityName></xal:Locality></QualifyingAddress></Candidate><Ranking>2</Ranking><Elected>yes</Elected></Selection><Selection><Candidate><CandidateIdentifier Id="12" ShortCode="WeerdenburgVDD"></CandidateIdentifier><CandidateFullName><xnl:PersonName><xnl:NameLine NameType="Initials">V.D.D.</xnl:NameLine><xnl:FirstName>Danai</xnl:FirstName><xnl:NamePrefix>van</xnl:NamePrefix><xnl:LastName>Weerdenburg</xnl:LastName></xnl:PersonName></CandidateFullName><Gender>female</Gender><QualifyingAddress><xal:Locality><xal:LocalityName>Amstelveen</xal:LocalityName></xal:Locality></QualifyingAddress></Candidate><Ranking>2</Ranking><Elected>yes</Elected></Selection><Selection><Candidate><CandidateIdentifier Id="13" ShortCode="GrausDJG"></CandidateIdentifier><CandidateFullName><xnl:PersonName><xnl:NameLine NameType="Initials">D.J.G.</xnl:NameLine><xnl:FirstName>Dion</xnl:FirstName><xnl:NamePrefix></xnl:NamePrefix><xnl:LastName>Graus</xnl:LastName></xnl:PersonName></CandidateFullName><Gender>male</Gender><QualifyingAddress><xal:Locality><xal:LocalityName>Heerlen</xal:LocalityName></xal:Locality></QualifyingAddress></Candidate><Ranking>2</Ranking><Elected>yes</Elected></Selection><Selection><Candidate><CandidateIdentifier Id="14" ShortCode="GraafM"></CandidateIdentifier><CandidateFullName><xnl:PersonName><xnl:NameLine NameType="Initials">M.</xnl:NameLine><xnl:FirstName>Machiel</xnl:FirstName><xnl:NamePrefix>de</xnl:NamePrefix><xnl:LastName>Graaf</xnl:LastName></xnl:PersonName></CandidateFullName><Gender>male</Gender><QualifyingAddress><xal:Locality><xal:LocalityName>'s-Gravenhage</xal:LocalityName></xal:Locality></QualifyingAddress></Candidate><Ranking>2</Ranking><Elected>yes</Elected></Selection><Selection><Candidate><CandidateIdentifier Id="15" ShortCode="MulderE"></CandidateIdentifier><CandidateFullName><xnl:PersonName><xnl:NameLine NameType="Initials">E.</xnl:NameLine><xnl:FirstName>Edgar</xnl:FirstName><xnl:NamePrefix></xnl:NamePrefix><xnl:LastName>Mulder</xnl:LastName></xnl:PersonName></CandidateFullName><Gender>male</Gender><QualifyingAddress><xal:Locality><xal:LocalityName>Zwolle</xal:LocalityName></xal:Locality></QualifyingAddress></Candidate><Ranking>2</Ranking><Elected>yes</Elected></Selection><Selection><Candidate><CandidateIdentifier Id="16" ShortCode="BeertemaHJ"></CandidateIdentifier><CandidateFullName><xnl:PersonName><xnl:NameLine NameType="Initials">H.J.</xnl:NameLine><xnl:FirstName>Harm</xnl:FirstName><xnl:NamePrefix></xnl:NamePrefix><xnl:LastName>Beertema</xnl:LastName></xnl:PersonName></CandidateFullName><Gender>male</Gender><QualifyingAddress><xal:Locality><xal:LocalityName>Voorburg</xal:LocalityName></xal:Locality></QualifyingAddress></Candidate><Ranking>2</Ranking><Elected>yes</Elected></Selection><Selection><Candidate><CandidateIdentifier Id="17" ShortCode="RoonR"></CandidateIdentifier><CandidateFullName><xnl:PersonName><xnl:NameLine NameType="Initials">R.</xnl:NameLine><xnl:FirstName>Raymond</xnl:FirstName><xnl:NamePrefix>de</xnl:NamePrefix><xnl:LastName>Roon</xnl:LastName></xnl:PersonName></CandidateFullName><Gender>male</Gender><QualifyingAddress><xal:Locality><xal:LocalityName>Beek</xal:LocalityName></xal:Locality></QualifyingAddress></Candidate><Ranking>2</Ranking><Elected>yes</Elected></Selection><Selection><AffiliationIdentifier Id="3"><RegisteredName>CDA</RegisteredName></AffiliationIdentifier><Elected>yes</Elected></Selection><Selection><Candidate><CandidateIdentifier Id="1" ShortCode="HoekstraWB"></CandidateIdentifier><CandidateFullName><xnl:PersonName><xnl:NameLine NameType="Initials">W.B.</xnl:NameLine><xnl:FirstName>Wopke</xnl:FirstName><xnl:NamePrefix></xnl:NamePrefix><xnl:LastName>Hoekstra</xnl:LastName></xnl:PersonName></CandidateFullName><Gender>male</Gender><QualifyingAddress><xal:Locality><xal:LocalityName>Bussum</xal:LocalityName></xal:Locality></QualifyingAddress></Candidate><Ranking>1</Ranking><Elected>yes</Elected></Selection><Selection><Candidate><CandidateIdentifier Id="2" ShortCode="OmtzigtPH"></CandidateIdentifier><CandidateFullName><xnl:PersonName><xnl:NameLine NameType="Initials">P.H.</xnl:NameLine><xnl:FirstName>Pieter</xnl:FirstName><xnl:NamePrefix></xnl:NamePrefix><xnl:LastName>Omtzigt</xnl:LastName></xnl:PersonName></CandidateFullName><Gender>male</Gender><QualifyingAddress><xal:Locality><xal:LocalityName>Enschede</xal:LocalityName></xal:Locality></QualifyingAddress></Candidate><Ranking>1</Ranking><Elected>yes</Elected></Selection><Selection><Candidate><CandidateIdentifier Id="3" ShortCode="KuikA"></CandidateIdentifier><CandidateFullName><xnl:PersonName><xnl:NameLine NameType="Initials">A.</xnl:NameLine><xnl:FirstName>Anne</xnl:FirstName><xnl:NamePrefix></xnl:NamePrefix><xnl:LastName>Kuik</xnl:LastName></xnl:PersonName></CandidateFullName><Gender>female</Gender><QualifyingAddress><xal:Locality><xal:LocalityName>Groningen</xal:LocalityName></xal:Locality></QualifyingAddress></Candidate><Ranking>1</Ranking><Elected>yes</Elected></Selection><Selection><Candidate><CandidateIdentifier Id="4" ShortCode="KeijzerMCG"></CandidateIdentifier><CandidateFullName><xnl:PersonName><xnl:NameLine NameType="Initials">M.C.G.</xnl:NameLine><xnl:FirstName>Mona</xnl:FirstName><xnl:NamePrefix></xnl:NamePrefix><xnl:LastName>Keijzer</xnl:LastName></xnl:PersonName></CandidateFullName><Gender>female</Gender><QualifyingAddress><xal:Locality><xal:LocalityName>Edam</xal:LocalityName></xal:Locality></QualifyingAddress></Candidate><Ranking>1</Ranking><Elected>yes</Elected></Selection><Selection><Candidate><CandidateIdentifier Id="5" ShortCode="DijkI"></CandidateIdentifier><CandidateFullName><xnl:PersonName><xnl:NameLine NameType="Initials">I.</xnl:NameLine><xnl:FirstName>Inge</xnl:FirstName><xnl:NamePrefix>van</xnl:NamePrefix><xnl:LastName>Dijk</xnl:LastName></xnl:PersonName></CandidateFullName><Gender>female</Gender><QualifyingAddress><xal:Locality><xal:LocalityName>Gemert</xal:LocalityName></xal:Locality></QualifyingAddress></Candidate><Ranking>2</Ranking><Elected>yes</Elected></Selection><Selection><Candidate><CandidateIdentifier Id="6" ShortCode="KnopsRW"></CandidateIdentifier><CandidateFullName><xnl:PersonName><xnl:NameLine NameType="Initials">R.W.</xnl:NameLine><xnl:FirstName>Raymond</xnl:FirstName><xnl:NamePrefix></xnl:NamePrefix><xnl:LastName>Knops</xnl:LastName></xnl:PersonName></CandidateFullName><Gender>male</Gender><QualifyingAddress><xal:Locality><xal:LocalityName>Hegelsom</xal:LocalityName></xal:Locality></QualifyingAddress></Candidate><Ranking>2</Ranking><Elected>yes</Elected></Selection><Selection><Candidate><CandidateIdentifier Id="7" ShortCode="HeermaPE"></CandidateIdentifier><CandidateFullName><xnl:PersonName><xnl:NameLine NameType="Initials">P.E.</xnl:NameLine><xnl:FirstName>Pieter</xnl:FirstName><xnl:NamePrefix></xnl:NamePrefix><xnl:LastName>Heerma</xnl:LastName></xnl:PersonName></CandidateFullName><Gender>male</Gender><QualifyingAddress><xal:Locality><xal:LocalityName>Purmerend</xal:LocalityName></xal:Locality></QualifyingAddress></Candidate><Ranking>2</Ranking><Elected>yes</Elected></Selection><Selection><Candidate><CandidateIdentifier Id="8" ShortCode="MulderAH"></CandidateIdentifier><CandidateFullName><xnl:PersonName><xnl:NameLine NameType="Initials">A.H.</xnl:NameLine><xnl:FirstName>Agnes</xnl:FirstName><xnl:NamePrefix></xnl:NamePrefix><xnl:LastName>Mulder</xnl:LastName></xnl:PersonName></CandidateFullName><Gender>female</Gender><QualifyingAddress><xal:Locality><xal:LocalityName>Assen</xal:LocalityName></xal:Locality></QualifyingAddress></Candidate><Ranking>2</Ranking><Elected>yes</Elected></Selection><Selection><Candidate><CandidateIdentifier Id="9" ShortCode="MolenH"></CandidateIdentifier><CandidateFullName><xnl:PersonName><xnl:NameLine NameType="Initials">H.</xnl:NameLine><xnl:FirstName>Harry</xnl:FirstName><xnl:NamePrefix>van der</xnl:NamePrefix><xnl:LastName>Molen</xnl:LastName></xnl:PersonName></CandidateFullName><Gender>male</Gender><QualifyingAddress><xal:Locality><xal:LocalityName>Leeuwarden</xal:LocalityName></xal:Locality></QualifyingAddress></Candidate><Ranking>2</Ranking><Elected>yes</Elected></Selection><Selection><Candidate><CandidateIdentifier Id="10" ShortCode="WernerLM"></CandidateIdentifier><CandidateFullName><xnl:PersonName><xnl:NameLine NameType="Initials">L.M.</xnl:NameLine><xnl:FirstName>Lucille</xnl:FirstName><xnl:NamePrefix></xnl:NamePrefix><xnl:LastName>Werner</xnl:LastName></xnl:PersonName></CandidateFullName><Gender>female</Gender><QualifyingAddress><xal:Locality><xal:LocalityName>Nederhorst den Berg</xal:LocalityName></xal:Locality></QualifyingAddress></Candidate><Ranking>2</Ranking><Elected>yes</Elected></Selection><Selection><Candidate><CandidateIdentifier Id="11" ShortCode="GeurtsJL"></CandidateIdentifier><CandidateFullName><xnl:PersonName><xnl:NameLine NameType="Initials">J.L.</xnl:NameLine><xnl:FirstName>Jaco</xnl:FirstName><xnl:NamePrefix></xnl:NamePrefix><xnl:LastName>Geurts</xnl:LastName></xnl:PersonName></CandidateFullName><Gender>male</Gender><QualifyingAddress><xal:Locality><xal:LocalityName>Voorthuizen</xal:LocalityName></xal:Locality></QualifyingAddress></Candidate><Ranking>2</Ranking><Elected>yes</Elected></Selection><Selection><Candidate><CandidateIdentifier Id="12" ShortCode="PallandMuldeHM"></CandidateIdentifier><CandidateFullName><xnl:PersonName><xnl:NameLine NameType="Initials">H.M.</xnl:NameLine><xnl:FirstName>Hilde</xnl:FirstName><xnl:NamePrefix></xnl:NamePrefix><xnl:LastName>Palland-Mulder</xnl:LastName></xnl:PersonName></CandidateFullName><Gender>female</Gender><QualifyingAddress><xal:Locality><xal:LocalityName>Kampen</xal:LocalityName></xal:Locality></QualifyingAddress></Candidate><Ranking>2</Ranking><Elected>yes</Elected></Selection><Selection><Candidate><CandidateIdentifier Id="13" ShortCode="PetersWPHJ"></CandidateIdentifier><CandidateFullName><xnl:PersonName><xnl:NameLine NameType="Initials">W.P.H.J.</xnl:NameLine><xnl:FirstName>René</xnl:FirstName><xnl:NamePrefix></xnl:NamePrefix><xnl:LastName>Peters</xnl:LastName></xnl:PersonName></CandidateFullName><Gender>male</Gender><QualifyingAddress><xal:Locality><xal:LocalityName>Oss</xal:LocalityName></xal:Locality></QualifyingAddress></Candidate><Ranking>2</Ranking><Elected>yes</Elected></Selection><Selection><Candidate><CandidateIdentifier Id="14" ShortCode="BoswijkDG"></CandidateIdentifier><CandidateFullName><xnl:PersonName><xnl:NameLine NameType="Initials">D.G.</xnl:NameLine><xnl:FirstName>Derk</xnl:FirstName><xnl:NamePrefix></xnl:NamePrefix><xnl:LastName>Boswijk</xnl:LastName></xnl:PersonName></CandidateFullName><Gender>male</Gender><QualifyingAddress><xal:Locality><xal:LocalityName>Kockengen</xal:LocalityName></xal:Locality></QualifyingAddress></Candidate><Ranking>2</Ranking><Elected>yes</Elected></Selection><Selection><Candidate><CandidateIdentifier Id="15" ShortCode="AmhaouchM"></CandidateIdentifier><CandidateFullName><xnl:PersonName><xnl:NameLine NameType="Initials">M.</xnl:NameLine><xnl:FirstName>Mustafa</xnl:FirstName><xnl:NamePrefix></xnl:NamePrefix><xnl:LastName>Amhaouch</xnl:LastName></xnl:PersonName></CandidateFullName><Gender>male</Gender><QualifyingAddress><xal:Locality><xal:LocalityName>Panningen</xal:LocalityName></xal:Locality></QualifyingAddress></Candidate><Ranking>2</Ranking><Elected>yes</Elected></Selection><Selection><AffiliationIdentifier Id="4"><RegisteredName>D66</RegisteredName></AffiliationIdentifier><Elected>yes</Elected></Selection><Selection><Candidate><CandidateIdentifier Id="1" ShortCode="KaagSAM"></CandidateIdentifier><CandidateFullName><xnl:PersonName><xnl:NameLine NameType="Initials">S.A.M.</xnl:NameLine><xnl:FirstName>Sigrid</xnl:FirstName><xnl:NamePrefix></xnl:NamePrefix><xnl:LastName>Kaag</xnl:LastName></xnl:PersonName></CandidateFullName><QualifyingAddress><xal:Locality><xal:LocalityName>'s-Gravenhage</xal:LocalityName></xal:Locality></QualifyingAddress></Candidate><Ranking>1</Ranking><Elected>yes</Elected></Selection><Selection><Candidate><CandidateIdentifier Id="2" ShortCode="JettenRAA"></CandidateIdentifier><CandidateFullName><xnl:PersonName><xnl:NameLine NameType="Initials">R.A.A.</xnl:NameLine><xnl:FirstName>Rob</xnl:FirstName><xnl:NamePrefix></xnl:NamePrefix><xnl:LastName>Jetten</xnl:LastName></xnl:PersonName></CandidateFullName><QualifyingAddress><xal:Locality><xal:LocalityName>Ubbergen</xal:LocalityName></xal:Locality></QualifyingAddress></Candidate><Ranking>1</Ranking><Elected>yes</Elected></Selection><Selection><Candidate><CandidateIdentifier Id="3" ShortCode="BergkampVA"></CandidateIdentifier><CandidateFullName><xnl:PersonName><xnl:NameLine NameType="Initials">V.A.</xnl:NameLine><xnl:FirstName>Vera</xnl:FirstName><xnl:NamePrefix></xnl:NamePrefix><xnl:LastName>Bergkamp</xnl:LastName></xnl:PersonName></CandidateFullName><QualifyingAddress><xal:Locality><xal:LocalityName>Amsterdam</xal:LocalityName></xal:Locality></QualifyingAddress></Candidate><Ranking>1</Ranking><Elected>yes</Elected></Selection><Selection><Candidate><CandidateIdentifier Id="4" ShortCode="HagenKB"></CandidateIdentifier><CandidateFullName><xnl:PersonName><xnl:NameLine NameType="Initials">K.B.</xnl:NameLine><xnl:FirstName>Kiki</xnl:FirstName><xnl:NamePrefix></xnl:NamePrefix><xnl:LastName>Hagen</xnl:LastName></xnl:PersonName></CandidateFullName><QualifyingAddress><xal:Locality><xal:LocalityName>Mijdrecht</xal:LocalityName></xal:Locality></QualifyingAddress></Candidate><Ranking>1</Ranking><Elected>yes</Elected></Selection><Selection><Candidate><CandidateIdentifier Id="5" ShortCode="PaternotteJM"></CandidateIdentifier><CandidateFullName><xnl:PersonName><xnl:NameLine NameType="Initials">J.M.</xnl:NameLine><xnl:FirstName>Jan</xnl:FirstName><xnl:NamePrefix></xnl:NamePrefix><xnl:LastName>Paternotte</xnl:LastName></xnl:PersonName></CandidateFullName><QualifyingAddress><xal:Locality><xal:LocalityName>Leiden</xal:LocalityName></xal:Locality></QualifyingAddress></Candidate><Ranking>2</Ranking><Elected>yes</Elected></Selection><Selection><Candidate><CandidateIdentifier Id="6" ShortCode="SjoerdsmaSW"></CandidateIdentifier><CandidateFullName><xnl:PersonName><xnl:NameLine NameType="Initials">S.W.</xnl:NameLine><xnl:FirstName>Sjoerd Wiemer</xnl:FirstName><xnl:NamePrefix></xnl:NamePrefix><xnl:LastName>Sjoerdsma</xnl:LastName></xnl:PersonName></CandidateFullName><QualifyingAddress><xal:Locality><xal:LocalityName>'s-Gravenhage</xal:LocalityName></xal:Locality></QualifyingAddress></Candidate><Ranking>2</Ranking><Elected>yes</Elected></Selection><Selection><Candidate><CandidateIdentifier Id="7" ShortCode="BelhajS"></CandidateIdentifier><CandidateFullName><xnl:PersonName><xnl:NameLine NameType="Initials">S.</xnl:NameLine><xnl:FirstName>Salima</xnl:FirstName><xnl:NamePrefix></xnl:NamePrefix><xnl:LastName>Belhaj</xnl:LastName></xnl:PersonName></CandidateFullName><QualifyingAddress><xal:Locality><xal:LocalityName>Rotterdam</xal:LocalityName></xal:Locality></QualifyingAddress></Candidate><Ranking>2</Ranking><Elected>yes</Elected></Selection><Selection><Candidate><CandidateIdentifier Id="8" ShortCode="WeyenbergSPRA"></CandidateIdentifier><CandidateFullName><xnl:PersonName><xnl:NameLine NameType="Initials">S.P.R.A.</xnl:NameLine><xnl:FirstName>Steven</xnl:FirstName><xnl:NamePrefix>Van</xnl:NamePrefix><xnl:LastName>Weyenberg</xnl:LastName></xnl:PersonName></CandidateFullName><QualifyingAddress><xal:Locality><xal:LocalityName>'s-Gravenhage</xal:LocalityName></xal:Locality></QualifyingAddress></Candidate><Ranking>2</Ranking><Elected>yes</Elected></Selection><Selection><Candidate><CandidateIdentifier Id="9" ShortCode="GrootTC"></CandidateIdentifier><CandidateFullName><xnl:PersonName><xnl:NameLine NameType="Initials">T.C.</xnl:NameLine><xnl:FirstName>Tjeerd</xnl:FirstName><xnl:NamePrefix>de</xnl:NamePrefix><xnl:LastName>Groot</xnl:LastName></xnl:PersonName></CandidateFullName><QualifyingAddress><xal:Locality><xal:LocalityName>Haarlem</xal:LocalityName></xal:Locality></QualifyingAddress></Candidate><Ranking>2</Ranking><Elected>yes</Elected></Selection><Selection><Candidate><CandidateIdentifier Id="10" ShortCode="WerfJJ"></CandidateIdentifier><CandidateFullName><xnl:PersonName><xnl:NameLine NameType="Initials">J.J.</xnl:NameLine><xnl:FirstName>Hanneke</xnl:FirstName><xnl:NamePrefix>van der</xnl:NamePrefix><xnl:LastName>Werf</xnl:LastName></xnl:PersonName></CandidateFullName><QualifyingAddress><xal:Locality><xal:LocalityName>'s-Gravenhage</xal:LocalityName></xal:Locality></QualifyingAddress></Candidate><Ranking>2</Ranking><Elected>yes</Elected></Selection><Selection><Candidate><CandidateIdentifier Id="11" ShortCode="BouckeRM"></CandidateIdentifier><CandidateFullName><xnl:PersonName><xnl:NameLine NameType="Initials">R.M.</xnl:NameLine><xnl:FirstName>Raoul</xnl:FirstName><xnl:NamePrefix></xnl:NamePrefix><xnl:LastName>Boucke</xnl:LastName></xnl:PersonName></CandidateFullName><QualifyingAddress><xal:Locality><xal:LocalityName>Rotterdam</xal:LocalityName></xal:Locality></QualifyingAddress></Candidate><Ranking>2</Ranking><Elected>yes</Elected></Selection><Selection><Candidate><CandidateIdentifier Id="12" ShortCode="MeenenPH"></CandidateIdentifier><CandidateFullName><xnl:PersonName><xnl:NameLine NameType="Initials">P.H.</xnl:NameLine><xnl:FirstName>Paul</xnl:FirstName><xnl:NamePrefix>van</xnl:NamePrefix><xnl:LastName>Meenen</xnl:LastName></xnl:PersonName></CandidateFullName><QualifyingAddress><xal:Locality><xal:LocalityName>Leiden</xal:LocalityName></xal:Locality></QualifyingAddress></Candidate><Ranking>2</Ranking><Elected>yes</Elected></Selection><Selection><Candidate><CandidateIdentifier Id="13" ShortCode="VijlbriefJA"></CandidateIdentifier><CandidateFullName><xnl:PersonName><xnl:NameLine NameType="Initials">J.A.</xnl:NameLine><xnl:FirstName>Hans</xnl:FirstName><xnl:NamePrefix></xnl:NamePrefix><xnl:LastName>Vijlbrief</xnl:LastName></xnl:PersonName></CandidateFullName><QualifyingAddress><xal:Locality><xal:LocalityName>Woubrugge</xal:LocalityName></xal:Locality></QualifyingAddress></Candidate><Ranking>2</Ranking><Elected>yes</Elected></Selection><Selection><Candidate><CandidateIdentifier Id="14" ShortCode="LaanJMP"></CandidateIdentifier><CandidateFullName><xnl:PersonName><xnl:NameLine NameType="Initials">J.M.P.</xnl:NameLine><xnl:FirstName>Jeanet</xnl:FirstName><xnl:NamePrefix>van der</xnl:NamePrefix><xnl:LastName>Laan</xnl:LastName></xnl:PersonName></CandidateFullName><QualifyingAddress><xal:Locality><xal:LocalityName>Lisse</xal:LocalityName></xal:Locality></QualifyingAddress></Candidate><Ranking>2</Ranking><Elected>yes</Elected></Selection><Selection><Candidate><CandidateIdentifier Id="15" ShortCode="SnellerJC"></CandidateIdentifier><CandidateFullName><xnl:PersonName><xnl:NameLine NameType="Initials">J.C.</xnl:NameLine><xnl:FirstName>Joost</xnl:FirstName><xnl:NamePrefix></xnl:NamePrefix><xnl:LastName>Sneller</xnl:LastName></xnl:PersonName></CandidateFullName><QualifyingAddress><xal:Locality><xal:LocalityName>'s-Gravenhage</xal:LocalityName></xal:Locality></QualifyingAddress></Candidate><Ranking>2</Ranking><Elected>yes</Elected></Selection><Selection><Candidate><CandidateIdentifier Id="16" ShortCode="PaulusmaW"></CandidateIdentifier><CandidateFullName><xnl:PersonName><xnl:NameLine NameType="Initials">W.</xnl:NameLine><xnl:FirstName>Wieke</xnl:FirstName><xnl:NamePrefix></xnl:NamePrefix><xnl:LastName>Paulusma</xnl:LastName></xnl:PersonName></CandidateFullName><QualifyingAddress><xal:Locality><xal:LocalityName>Groningen</xal:LocalityName></xal:Locality></QualifyingAddress></Candidate><Ranking>2</Ranking><Elected>yes</Elected></Selection><Selection><Candidate><CandidateIdentifier Id="17" ShortCode="BoulakjarF"></CandidateIdentifier><CandidateFullName><xnl:PersonName><xnl:NameLine NameType="Initials">F.</xnl:NameLine><xnl:FirstName>Faissal</xnl:FirstName><xnl:NamePrefix></xnl:NamePrefix><xnl:LastName>Boulakjar</xnl:LastName></xnl:PersonName></CandidateFullName><QualifyingAddress><xal:Locality><xal:LocalityName>Teteringen</xal:LocalityName></xal:Locality></QualifyingAddress></Candidate><Ranking>2</Ranking><Elected>yes</Elected></Selection><Selection><Candidate><CandidateIdentifier Id="18" ShortCode="KatH"></CandidateIdentifier><CandidateFullName><xnl:PersonName><xnl:NameLine NameType="Initials">H.</xnl:NameLine><xnl:FirstName>Hülya</xnl:FirstName><xnl:NamePrefix></xnl:NamePrefix><xnl:LastName>Kat</xnl:LastName></xnl:PersonName></CandidateFullName><QualifyingAddress><xal:Locality><xal:LocalityName>Amsterdam</xal:LocalityName></xal:Locality></QualifyingAddress></Candidate><Ranking>2</Ranking><Elected>yes</Elected></Selection><Selection><Candidate><CandidateIdentifier Id="19" ShortCode="SmeetsSFJ"></CandidateIdentifier><CandidateFullName><xnl:PersonName><xnl:NameLine NameType="Initials">S.F.J.</xnl:NameLine><xnl:FirstName>Sidney</xnl:FirstName><xnl:NamePrefix></xnl:NamePrefix><xnl:LastName>Smeets</xnl:LastName></xnl:PersonName></CandidateFullName><QualifyingAddress><xal:Locality><xal:LocalityName>Amsterdam</xal:LocalityName></xal:Locality></QualifyingAddress></Candidate><Ranking>2</Ranking><Elected>yes</Elected></Selection><Selection><Candidate><CandidateIdentifier Id="20" ShortCode="RaemakersR"></CandidateIdentifier><CandidateFullName><xnl:PersonName><xnl:NameLine NameType="Initials">R.</xnl:NameLine><xnl:FirstName>Rens</xnl:FirstName><xnl:NamePrefix></xnl:NamePrefix><xnl:LastName>Raemakers</xnl:LastName></xnl:PersonName></CandidateFullName><QualifyingAddress><xal:Locality><xal:LocalityName>Neer</xal:LocalityName></xal:Locality></QualifyingAddress></Candidate><Ranking>2</Ranking><Elected>yes</Elected></Selection><Selection><Candidate><CandidateIdentifier Id="21" ShortCode="WuiteJ"></CandidateIdentifier><CandidateFullName><xnl:PersonName><xnl:NameLine NameType="Initials">J.</xnl:NameLine><xnl:FirstName>Jorien</xnl:FirstName><xnl:NamePrefix></xnl:NamePrefix><xnl:LastName>Wuite</xnl:LastName></xnl:PersonName></CandidateFullName><QualifyingAddress><xal:Locality><xal:LocalityName>Sint Maarten</xal:LocalityName></xal:Locality></QualifyingAddress></Candidate><Ranking>2</Ranking><Elected>yes</Elected></Selection><Selection><Candidate><CandidateIdentifier Id="22" ShortCode="GinnekenLM"></CandidateIdentifier><CandidateFullName><xnl:PersonName><xnl:NameLine NameType="Initials">L.M.</xnl:NameLine><xnl:FirstName>Lisa</xnl:FirstName><xnl:NamePrefix>van</xnl:NamePrefix><xnl:LastName>Ginneken</xnl:LastName></xnl:PersonName></CandidateFullName><QualifyingAddress><xal:Locality><xal:LocalityName>Amsterdam</xal:LocalityName></xal:Locality></QualifyingAddress></Candidate><Ranking>2</Ranking><Elected>yes</Elected></Selection><Selection><Candidate><CandidateIdentifier Id="23" ShortCode="HammelburgAR"></CandidateIdentifier><CandidateFullName><xnl:PersonName><xnl:NameLine NameType="Initials">A.R.</xnl:NameLine><xnl:FirstName>Alexander</xnl:FirstName><xnl:NamePrefix></xnl:NamePrefix><xnl:LastName>Hammelburg</xnl:LastName></xnl:PersonName></CandidateFullName><QualifyingAddress><xal:Locality><xal:LocalityName>Amsterdam</xal:LocalityName></xal:Locality></QualifyingAddress></Candidate><Ranking>2</Ranking><Elected>yes</Elected></Selection><Selection><Candidate><CandidateIdentifier Id="24" ShortCode="JongRH"></CandidateIdentifier><CandidateFullName><xnl:PersonName><xnl:NameLine NameType="Initials">R.H.</xnl:NameLine><xnl:FirstName>Romke</xnl:FirstName><xnl:NamePrefix>de</xnl:NamePrefix><xnl:LastName>Jong</xnl:LastName></xnl:PersonName></CandidateFullName><QualifyingAddress><xal:Locality><xal:LocalityName>Gorredijk</xal:LocalityName></xal:Locality></QualifyingAddress></Candidate><Ranking>2</Ranking><Elected>yes</Elected></Selection><Selection><AffiliationIdentifier Id="5"><RegisteredName>GROENLINKS</RegisteredName></AffiliationIdentifier><Elected>yes</Elected></Selection><Selection><Candidate><CandidateIdentifier Id="1" ShortCode="KlaverJF"></CandidateIdentifier><CandidateFullName><xnl:PersonName><xnl:NameLine NameType="Initials">J.F.</xnl:NameLine><xnl:FirstName>Jesse</xnl:FirstName><xnl:NamePrefix></xnl:NamePrefix><xnl:LastName>Klaver</xnl:LastName></xnl:PersonName></CandidateFullName><QualifyingAddress><xal:Locality><xal:LocalityName>'s-Gravenhage</xal:LocalityName></xal:Locality></QualifyingAddress></Candidate><Ranking>1</Ranking><Elected>yes</Elected></Selection><Selection><Candidate><CandidateIdentifier Id="2" ShortCode="JongevanElleCE"></CandidateIdentifier><CandidateFullName><xnl:PersonName><xnl:NameLine NameType="Initials">C.E.</xnl:NameLine><xnl:FirstName>Corinne</xnl:FirstName><xnl:NamePrefix>de</xnl:NamePrefix><xnl:LastName>Jonge van Ellemeet</xnl:LastName></xnl:PersonName></CandidateFullName><QualifyingAddress><xal:Locality><xal:LocalityName>Abcoude</xal:LocalityName></xal:Locality></QualifyingAddress></Candidate><Ranking>1</Ranking><Elected>yes</Elected></Selection><Selection><Candidate><CandidateIdentifier Id="3" ShortCode="WesterveldEM"></CandidateIdentifier><CandidateFullName><xnl:PersonName><xnl:NameLine NameType="Initials">E.M.</xnl:NameLine><xnl:FirstName>Lisa</xnl:FirstName><xnl:NamePrefix></xnl:NamePrefix><xnl:LastName>Westerveld</xnl:LastName></xnl:PersonName></CandidateFullName><QualifyingAddress><xal:Locality><xal:LocalityName>Nijmegen</xal:LocalityName></xal:Locality></QualifyingAddress></Candidate><Ranking>1</Ranking><Elected>yes</Elected></Selection><Selection><Candidate><CandidateIdentifier Id="4" ShortCode="BouchallikhK"></CandidateIdentifier><CandidateFullName><xnl:PersonName><xnl:NameLine NameType="Initials">K.</xnl:NameLine><xnl:FirstName>Kauthar</xnl:FirstName><xnl:NamePrefix></xnl:NamePrefix><xnl:LastName>Bouchallikh</xnl:LastName></xnl:PersonName></CandidateFullName><QualifyingAddress><xal:Locality><xal:LocalityName>Amsterdam</xal:LocalityName></xal:Locality></QualifyingAddress></Candidate><Ranking>1</Ranking><Elected>yes</Elected></Selection><Selection><Candidate><CandidateIdentifier Id="5" ShortCode="BrometL"></CandidateIdentifier><CandidateFullName><xnl:PersonName><xnl:NameLine NameType="Initials">L.</xnl:NameLine><xnl:FirstName>Laura</xnl:FirstName><xnl:NamePrefix></xnl:NamePrefix><xnl:LastName>Bromet</xnl:LastName></xnl:PersonName></CandidateFullName><QualifyingAddress><xal:Locality><xal:LocalityName>Monnickendam</xal:LocalityName></xal:Locality></QualifyingAddress></Candidate><Ranking>1</Ranking><Elected>yes</Elected></Selection><Selection><Candidate><CandidateIdentifier Id="6" ShortCode="MaatougS"></CandidateIdentifier><CandidateFullName><xnl:PersonName><xnl:NameLine NameType="Initials">S.</xnl:NameLine><xnl:FirstName>Senna</xnl:FirstName><xnl:NamePrefix></xnl:NamePrefix><xnl:LastName>Maatoug</xnl:LastName></xnl:PersonName></CandidateFullName><QualifyingAddress><xal:Locality><xal:LocalityName>Leiden</xal:LocalityName></xal:Locality></QualifyingAddress></Candidate><Ranking>1</Ranking><Elected>yes</Elected></Selection><Selection><Candidate><CandidateIdentifier Id="7" ShortCode="LeeTMT"></CandidateIdentifier><CandidateFullName><xnl:PersonName><xnl:NameLine NameType="Initials">T.M.T.</xnl:NameLine><xnl:FirstName>Tom</xnl:FirstName><xnl:NamePrefix>van der</xnl:NamePrefix><xnl:LastName>Lee</xnl:LastName></xnl:PersonName></CandidateFullName><QualifyingAddress><xal:Locality><xal:LocalityName>Amsterdam</xal:LocalityName></xal:Locality></QualifyingAddress></Candidate><Ranking>2</Ranking><Elected>yes</Elected></Selection><Selection><Candidate><CandidateIdentifier Id="8" ShortCode="SnelsBAW"></CandidateIdentifier><CandidateFullName><xnl:PersonName><xnl:NameLine NameType="Initials">B.A.W.</xnl:NameLine><xnl:FirstName>Bart</xnl:FirstName><xnl:NamePrefix></xnl:NamePrefix><xnl:LastName>Snels</xnl:LastName></xnl:PersonName></CandidateFullName><QualifyingAddress><xal:Locality><xal:LocalityName>Utrecht</xal:LocalityName></xal:Locality></QualifyingAddress></Candidate><Ranking>2</Ranking><Elected>yes</Elected></Selection><Selection><AffiliationIdentifier Id="6"><RegisteredName>SP (Socialistische Partij)</RegisteredName></AffiliationIdentifier><Elected>yes</Elected></Selection><Selection><Candidate><CandidateIdentifier Id="1" ShortCode="MarijnissenLMC"></CandidateIdentifier><CandidateFullName><xnl:PersonName><xnl:NameLine NameType="Initials">L.M.C.</xnl:NameLine><xnl:FirstName>Lilian</xnl:FirstName><xnl:NamePrefix></xnl:NamePrefix><xnl:LastName>Marijnissen</xnl:LastName></xnl:PersonName></CandidateFullName><Gender>female</Gender><QualifyingAddress><xal:Locality><xal:LocalityName>Oss</xal:LocalityName></xal:Locality></QualifyingAddress></Candidate><Ranking>1</Ranking><Elected>yes</Elected></Selection><Selection><Candidate><CandidateIdentifier Id="2" ShortCode="LeijtenRM"></CandidateIdentifier><CandidateFullName><xnl:PersonName><xnl:NameLine NameType="Initials">R.M.</xnl:NameLine><xnl:FirstName>Renske</xnl:FirstName><xnl:NamePrefix></xnl:NamePrefix><xnl:LastName>Leijten</xnl:LastName></xnl:PersonName></CandidateFullName><Gender>female</Gender><QualifyingAddress><xal:Locality><xal:LocalityName>Haarlem</xal:LocalityName></xal:Locality></QualifyingAddress></Candidate><Ranking>1</Ranking><Elected>yes</Elected></Selection><Selection><Candidate><CandidateIdentifier Id="3" ShortCode="AlkayaMÖ"></CandidateIdentifier><CandidateFullName><xnl:PersonName><xnl:NameLine NameType="Initials">M.Ö.</xnl:NameLine><xnl:FirstName>Mahir</xnl:FirstName><xnl:NamePrefix></xnl:NamePrefix><xnl:LastName>Alkaya</xnl:LastName></xnl:PersonName></CandidateFullName><Gender>male</Gender><QualifyingAddress><xal:Locality><xal:LocalityName>Amsterdam</xal:LocalityName></xal:Locality></QualifyingAddress></Candidate><Ranking>2</Ranking><Elected>yes</Elected></Selection><Selection><Candidate><CandidateIdentifier Id="4" ShortCode="NispenM"></CandidateIdentifier><CandidateFullName><xnl:PersonName><xnl:NameLine NameType="Initials">M.</xnl:NameLine><xnl:FirstName>Michiel</xnl:FirstName><xnl:NamePrefix>van</xnl:NamePrefix><xnl:LastName>Nispen</xnl:LastName></xnl:PersonName></CandidateFullName><Gender>male</Gender><QualifyingAddress><xal:Locality><xal:LocalityName>Breda</xal:LocalityName></xal:Locality></QualifyingAddress></Candidate><Ranking>2</Ranking><Elected>yes</Elected></Selection><Selection><Candidate><CandidateIdentifier Id="5" ShortCode="HijinkHPM"></CandidateIdentifier><CandidateFullName><xnl:PersonName><xnl:NameLine NameType="Initials">H.P.M.</xnl:NameLine><xnl:FirstName>Maarten</xnl:FirstName><xnl:NamePrefix></xnl:NamePrefix><xnl:LastName>Hijink</xnl:LastName></xnl:PersonName></CandidateFullName><Gender>male</Gender><QualifyingAddress><xal:Locality><xal:LocalityName>Amersfoort</xal:LocalityName></xal:Locality></QualifyingAddress></Candidate><Ranking>2</Ranking><Elected>yes</Elected></Selection><Selection><Candidate><CandidateIdentifier Id="6" ShortCode="BeckermanSM"></CandidateIdentifier><CandidateFullName><xnl:PersonName><xnl:NameLine NameType="Initials">S.M.</xnl:NameLine><xnl:FirstName>Sandra</xnl:FirstName><xnl:NamePrefix></xnl:NamePrefix><xnl:LastName>Beckerman</xnl:LastName></xnl:PersonName></CandidateFullName><Gender>female</Gender><QualifyingAddress><xal:Locality><xal:LocalityName>Groningen</xal:LocalityName></xal:Locality></QualifyingAddress></Candidate><Ranking>2</Ranking><Elected>yes</Elected></Selection><Selection><Candidate><CandidateIdentifier Id="7" ShortCode="KwintJP"></CandidateIdentifier><CandidateFullName><xnl:PersonName><xnl:NameLine NameType="Initials">J.P.</xnl:NameLine><xnl:FirstName>Peter</xnl:FirstName><xnl:NamePrefix></xnl:NamePrefix><xnl:LastName>Kwint</xnl:LastName></xnl:PersonName></CandidateFullName><Gender>male</Gender><QualifyingAddress><xal:Locality><xal:LocalityName>Amsterdam</xal:LocalityName></xal:Locality></QualifyingAddress></Candidate><Ranking>2</Ranking><Elected>yes</Elected></Selection><Selection><Candidate><CandidateIdentifier Id="8" ShortCode="KentB"></CandidateIdentifier><CandidateFullName><xnl:PersonName><xnl:NameLine NameType="Initials">B.</xnl:NameLine><xnl:FirstName>Bart</xnl:FirstName><xnl:NamePrefix>van</xnl:NamePrefix><xnl:LastName>Kent</xnl:LastName></xnl:PersonName></CandidateFullName><Gender>male</Gender><QualifyingAddress><xal:Locality><xal:LocalityName>'s-Gravenhage</xal:LocalityName></xal:Locality></QualifyingAddress></Candidate><Ranking>2</Ranking><Elected>yes</Elected></Selection><Selection><Candidate><CandidateIdentifier Id="9" ShortCode="DijkJJ"></CandidateIdentifier><CandidateFullName><xnl:PersonName><xnl:NameLine NameType="Initials">J.J.</xnl:NameLine><xnl:FirstName>Jasper</xnl:FirstName><xnl:NamePrefix>van</xnl:NamePrefix><xnl:LastName>Dijk</xnl:LastName></xnl:PersonName></CandidateFullName><Gender>male</Gender><QualifyingAddress><xal:Locality><xal:LocalityName>Utrecht</xal:LocalityName></xal:Locality></QualifyingAddress></Candidate><Ranking>2</Ranking><Elected>yes</Elected></Selection><Selection><AffiliationIdentifier Id="7"><RegisteredName>Partij van de Arbeid (P.v.d.A.)</RegisteredName></AffiliationIdentifier><Elected>yes</Elected></Selection><Selection><Candidate><CandidateIdentifier Id="1" ShortCode="PloumenEMJ"></CandidateIdentifier><CandidateFullName><xnl:PersonName><xnl:NameLine NameType="Initials">E.M.J.</xnl:NameLine><xnl:FirstName>Lilianne</xnl:FirstName><xnl:NamePrefix></xnl:NamePrefix><xnl:LastName>Ploumen</xnl:LastName></xnl:PersonName></CandidateFullName><Gender>female</Gender><QualifyingAddress><xal:Locality><xal:LocalityName>Amsterdam</xal:LocalityName></xal:Locality></QualifyingAddress></Candidate><Ranking>1</Ranking><Elected>yes</Elected></Selection><Selection><Candidate><CandidateIdentifier Id="2" ShortCode="AribK"></CandidateIdentifier><CandidateFullName><xnl:PersonName><xnl:NameLine NameType="Initials">K.</xnl:NameLine><xnl:FirstName>Khadija</xnl:FirstName><xnl:NamePrefix></xnl:NamePrefix><xnl:LastName>Arib</xnl:LastName></xnl:PersonName></CandidateFullName><Gender>female</Gender><QualifyingAddress><xal:Locality><xal:LocalityName>Amsterdam</xal:LocalityName></xal:Locality></QualifyingAddress></Candidate><Ranking>1</Ranking><Elected>yes</Elected></Selection><Selection><Candidate><CandidateIdentifier Id="3" ShortCode="NijboerH"></CandidateIdentifier><CandidateFullName><xnl:PersonName><xnl:NameLine NameType="Initials">H.</xnl:NameLine><xnl:FirstName>Henk</xnl:FirstName><xnl:NamePrefix></xnl:NamePrefix><xnl:LastName>Nijboer</xnl:LastName></xnl:PersonName></CandidateFullName><Gender>male</Gender><QualifyingAddress><xal:Locality><xal:LocalityName>Groningen</xal:LocalityName></xal:Locality></QualifyingAddress></Candidate><Ranking>1</Ranking><Elected>yes</Elected></Selection><Selection><Candidate><CandidateIdentifier Id="4" ShortCode="KuikenAH"></CandidateIdentifier><CandidateFullName><xnl:PersonName><xnl:NameLine NameType="Initials">A.H.</xnl:NameLine><xnl:FirstName>Attje</xnl:FirstName><xnl:NamePrefix></xnl:NamePrefix><xnl:LastName>Kuiken</xnl:LastName></xnl:PersonName></CandidateFullName><Gender>female</Gender><QualifyingAddress><xal:Locality><xal:LocalityName>Breda</xal:LocalityName></xal:Locality></QualifyingAddress></Candidate><Ranking>1</Ranking><Elected>yes</Elected></Selection><Selection><Candidate><CandidateIdentifier Id="5" ShortCode="PiriKP"></CandidateIdentifier><CandidateFullName><xnl:PersonName><xnl:NameLine NameType="Initials">K.P.</xnl:NameLine><xnl:FirstName>Kati</xnl:FirstName><xnl:NamePrefix></xnl:NamePrefix><xnl:LastName>Piri</xnl:LastName></xnl:PersonName></CandidateFullName><Gender>female</Gender><QualifyingAddress><xal:Locality><xal:LocalityName>'s-Gravenhage</xal:LocalityName></xal:Locality></QualifyingAddress></Candidate><Ranking>2</Ranking><Elected>yes</Elected></Selection><Selection><Candidate><CandidateIdentifier Id="6" ShortCode="ThijssenJ"></CandidateIdentifier><CandidateFullName><xnl:PersonName><xnl:NameLine NameType="Initials">J.</xnl:NameLine><xnl:FirstName>Joris</xnl:FirstName><xnl:NamePrefix></xnl:NamePrefix><xnl:LastName>Thijssen</xnl:LastName></xnl:PersonName></CandidateFullName><Gender>male</Gender><QualifyingAddress><xal:Locality><xal:LocalityName>Muiderberg</xal:LocalityName></xal:Locality></QualifyingAddress></Candidate><Ranking>2</Ranking><Elected>yes</Elected></Selection><Selection><Candidate><CandidateIdentifier Id="7" ShortCode="KathmannBC"></CandidateIdentifier><CandidateFullName><xnl:PersonName><xnl:NameLine NameType="Initials">B.C.</xnl:NameLine><xnl:FirstName>Barbara</xnl:FirstName><xnl:NamePrefix></xnl:NamePrefix><xnl:LastName>Kathmann</xnl:LastName></xnl:PersonName></CandidateFullName><Gender>female</Gender><QualifyingAddress><xal:Locality><xal:LocalityName>Rotterdam</xal:LocalityName></xal:Locality></QualifyingAddress></Candidate><Ranking>2</Ranking><Elected>yes</Elected></Selection><Selection><Candidate><CandidateIdentifier Id="8" ShortCode="DijkGJ"></CandidateIdentifier><CandidateFullName><xnl:PersonName><xnl:NameLine NameType="Initials">G.J.</xnl:NameLine><xnl:FirstName>Gijs</xnl:FirstName><xnl:NamePrefix>van</xnl:NamePrefix><xnl:LastName>Dijk</xnl:LastName></xnl:PersonName></CandidateFullName><Gender>male</Gender><QualifyingAddress><xal:Locality><xal:LocalityName>Den Burg</xal:LocalityName></xal:Locality></QualifyingAddress></Candidate><Ranking>2</Ranking><Elected>yes</Elected></Selection><Selection><Candidate><CandidateIdentifier Id="9" ShortCode="HoopHE"></CandidateIdentifier><CandidateFullName><xnl:PersonName><xnl:NameLine NameType="Initials">H.E.</xnl:NameLine><xnl:FirstName>Habtamu</xnl:FirstName><xnl:NamePrefix>de</xnl:NamePrefix><xnl:LastName>Hoop</xnl:LastName></xnl:PersonName></CandidateFullName><Gender>male</Gender><QualifyingAddress><xal:Locality><xal:LocalityName>Easterein</xal:LocalityName></xal:Locality></QualifyingAddress></Candidate><Ranking>2</Ranking><Elected>yes</Elected></Selection><Selection><AffiliationIdentifier Id="8"><RegisteredName>ChristenUnie</RegisteredName></AffiliationIdentifier><Elected>yes</Elected></Selection><Selection><Candidate><CandidateIdentifier Id="1" ShortCode="SegersGM"></CandidateIdentifier><CandidateFullName><xnl:PersonName><xnl:NameLine NameType="Initials">G.M.</xnl:NameLine><xnl:FirstName>Gert-Jan</xnl:FirstName><xnl:NamePrefix></xnl:NamePrefix><xnl:LastName>Segers</xnl:LastName></xnl:PersonName></CandidateFullName><Gender>male</Gender><QualifyingAddress><xal:Locality><xal:LocalityName>Amersfoort</xal:LocalityName></xal:Locality></QualifyingAddress></Candidate><Ranking>1</Ranking><Elected>yes</Elected></Selection><Selection><Candidate><CandidateIdentifier Id="2" ShortCode="SchoutenCJ"></CandidateIdentifier><CandidateFullName><xnl:PersonName><xnl:NameLine NameType="Initials">C.J.</xnl:NameLine><xnl:FirstName>Carola</xnl:FirstName><xnl:NamePrefix></xnl:NamePrefix><xnl:LastName>Schouten</xnl:LastName></xnl:PersonName></CandidateFullName><Gender>female</Gender><QualifyingAddress><xal:Locality><xal:LocalityName>Rotterdam</xal:LocalityName></xal:Locality></QualifyingAddress></Candidate><Ranking>1</Ranking><Elected>yes</Elected></Selection><Selection><Candidate><CandidateIdentifier Id="3" ShortCode="BikkerMH"></CandidateIdentifier><CandidateFullName><xnl:PersonName><xnl:NameLine NameType="Initials">M.H.</xnl:NameLine><xnl:FirstName>Mirjam</xnl:FirstName><xnl:NamePrefix></xnl:NamePrefix><xnl:LastName>Bikker</xnl:LastName></xnl:PersonName></CandidateFullName><Gender>female</Gender><QualifyingAddress><xal:Locality><xal:LocalityName>Gouda</xal:LocalityName></xal:Locality></QualifyingAddress></Candidate><Ranking>2</Ranking><Elected>yes</Elected></Selection><Selection><Candidate><CandidateIdentifier Id="4" ShortCode="CederDGM"></CandidateIdentifier><CandidateFullName><xnl:PersonName><xnl:NameLine NameType="Initials">D.G.M.</xnl:NameLine><xnl:FirstName>Don</xnl:FirstName><xnl:NamePrefix></xnl:NamePrefix><xnl:LastName>Ceder</xnl:LastName></xnl:PersonName></CandidateFullName><Gender>male</Gender><QualifyingAddress><xal:Locality><xal:LocalityName>Amsterdam</xal:LocalityName></xal:Locality></QualifyingAddress></Candidate><Ranking>2</Ranking><Elected>yes</Elected></Selection><Selection><Candidate><CandidateIdentifier Id="5" ShortCode="GrinwisPA"></CandidateIdentifier><CandidateFullName><xnl:PersonName><xnl:NameLine NameType="Initials">P.A.</xnl:NameLine><xnl:FirstName>Pieter</xnl:FirstName><xnl:NamePrefix></xnl:NamePrefix><xnl:LastName>Grinwis</xnl:LastName></xnl:PersonName></CandidateFullName><Gender>male</Gender><QualifyingAddress><xal:Locality><xal:LocalityName>'s-Gravenhage</xal:LocalityName></xal:Locality></QualifyingAddress></Candidate><Ranking>2</Ranking><Elected>yes</Elected></Selection><Selection><AffiliationIdentifier Id="9"><RegisteredName>Partij voor de Dieren</RegisteredName></AffiliationIdentifier><Elected>yes</Elected></Selection><Selection><Candidate><CandidateIdentifier Id="1" ShortCode="OuwehandE"></CandidateIdentifier><CandidateFullName><xnl:PersonName><xnl:NameLine NameType="Initials">E.</xnl:NameLine><xnl:FirstName>Esther</xnl:FirstName><xnl:NamePrefix></xnl:NamePrefix><xnl:LastName>Ouwehand</xnl:LastName></xnl:PersonName></CandidateFullName><QualifyingAddress><xal:Locality><xal:LocalityName>Leiden</xal:LocalityName></xal:Locality></QualifyingAddress></Candidate><Ranking>1</Ranking><Elected>yes</Elected></Selection><Selection><Candidate><CandidateIdentifier Id="2" ShortCode="TeunissenC"></CandidateIdentifier><CandidateFullName><xnl:PersonName><xnl:NameLine NameType="Initials">C.</xnl:NameLine><xnl:FirstName>Christine</xnl:FirstName><xnl:NamePrefix></xnl:NamePrefix><xnl:LastName>Teunissen</xnl:LastName></xnl:PersonName></CandidateFullName><QualifyingAddress><xal:Locality><xal:LocalityName>'s-Gravenhage</xal:LocalityName></xal:Locality></QualifyingAddress></Candidate><Ranking>2</Ranking><Elected>yes</Elected></Selection><Selection><Candidate><CandidateIdentifier Id="3" ShortCode="VesteringL"></CandidateIdentifier><CandidateFullName><xnl:PersonName><xnl:NameLine NameType="Initials">L.</xnl:NameLine><xnl:FirstName>Leonie</xnl:FirstName><xnl:NamePrefix></xnl:NamePrefix><xnl:LastName>Vestering</xnl:LastName></xnl:PersonName></CandidateFullName><QualifyingAddress><xal:Locality><xal:LocalityName>Almere</xal:LocalityName></xal:Locality></QualifyingAddress></Candidate><Ranking>2</Ranking><Elected>yes</Elected></Selection><Selection><Candidate><CandidateIdentifier Id="4" ShortCode="WassenbergFP"></CandidateIdentifier><CandidateFullName><xnl:PersonName><xnl:NameLine NameType="Initials">F.P.</xnl:NameLine><xnl:FirstName>Frank</xnl:FirstName><xnl:NamePrefix></xnl:NamePrefix><xnl:LastName>Wassenberg</xnl:LastName></xnl:PersonName></CandidateFullName><QualifyingAddress><xal:Locality><xal:LocalityName>Geleen</xal:LocalityName></xal:Locality></QualifyingAddress></Candidate><Ranking>2</Ranking><Elected>yes</Elected></Selection><Selection><Candidate><CandidateIdentifier Id="5" ShortCode="RaanL"></CandidateIdentifier><CandidateFullName><xnl:PersonName><xnl:NameLine NameType="Initials">L.</xnl:NameLine><xnl:FirstName>Lammert</xnl:FirstName><xnl:NamePrefix>van</xnl:NamePrefix><xnl:LastName>Raan</xnl:LastName></xnl:PersonName></CandidateFullName><QualifyingAddress><xal:Locality><xal:LocalityName>Amsterdam</xal:LocalityName></xal:Locality></QualifyingAddress></Candidate><Ranking>2</Ranking><Elected>yes</Elected></Selection><Selection><Candidate><CandidateIdentifier Id="6" ShortCode="EschEM"></CandidateIdentifier><CandidateFullName><xnl:PersonName><xnl:NameLine NameType="Initials">E.M.</xnl:NameLine><xnl:FirstName>Eva</xnl:FirstName><xnl:NamePrefix>van</xnl:NamePrefix><xnl:LastName>Esch</xnl:LastName></xnl:PersonName></CandidateFullName><QualifyingAddress><xal:Locality><xal:LocalityName>Utrecht</xal:LocalityName></xal:Locality></QualifyingAddress></Candidate><Ranking>2</Ranking><Elected>yes</Elected></Selection><Selection><AffiliationIdentifier Id="10"><RegisteredName>50PLUS</RegisteredName></AffiliationIdentifier><Elected>yes</Elected></Selection><Selection><Candidate><CandidateIdentifier Id="1" ShortCode="HaanNL"></CandidateIdentifier><CandidateFullName><xnl:PersonName><xnl:NameLine NameType="Initials">N.L.</xnl:NameLine><xnl:FirstName>Liane</xnl:FirstName><xnl:NamePrefix>den</xnl:NamePrefix><xnl:LastName>Haan</xnl:LastName></xnl:PersonName></CandidateFullName><Gender>female</Gender><QualifyingAddress><xal:Locality><xal:LocalityName>Woerden</xal:LocalityName></xal:Locality></QualifyingAddress></Candidate><Ranking>1</Ranking><Elected>yes</Elected></Selection><Selection><AffiliationIdentifier Id="11"><RegisteredName>Staatkundig Gereformeerde Partij (SGP)</RegisteredName></AffiliationIdentifier><Elected>yes</Elected></Selection><Selection><Candidate><CandidateIdentifier Id="1" ShortCode="StaaijCG"></CandidateIdentifier><CandidateFullName><xnl:PersonName><xnl:NameLine NameType="Initials">C.G.</xnl:NameLine><xnl:FirstName>Kees</xnl:FirstName><xnl:NamePrefix>van der</xnl:NamePrefix><xnl:LastName>Staaij</xnl:LastName></xnl:PersonName></CandidateFullName><Gender>male</Gender><QualifyingAddress><xal:Locality><xal:LocalityName>Benthuizen</xal:LocalityName></xal:Locality></QualifyingAddress></Candidate><Ranking>1</Ranking><Elected>yes</Elected></Selection><Selection><Candidate><CandidateIdentifier Id="2" ShortCode="StofferC"></CandidateIdentifier><CandidateFullName><xnl:PersonName><xnl:NameLine NameType="Initials">C.</xnl:NameLine><xnl:FirstName>Chris</xnl:FirstName><xnl:NamePrefix></xnl:NamePrefix><xnl:LastName>Stoffer</xnl:LastName></xnl:PersonName></CandidateFullName><Gender>male</Gender><QualifyingAddress><xal:Locality><xal:LocalityName>Elspeet</xal:LocalityName></xal:Locality></QualifyingAddress></Candidate><Ranking>2</Ranking><Elected>yes</Elected></Selection><Selection><Candidate><CandidateIdentifier Id="3" ShortCode="BisschopR"></CandidateIdentifier><CandidateFullName><xnl:PersonName><xnl:NameLine NameType="Initials">R.</xnl:NameLine><xnl:FirstName>Roelof</xnl:FirstName><xnl:NamePrefix></xnl:NamePrefix><xnl:LastName>Bisschop</xnl:LastName></xnl:PersonName></CandidateFullName><Gender>male</Gender><QualifyingAddress><xal:Locality><xal:LocalityName>Veenendaal</xal:LocalityName></xal:Locality></QualifyingAddress></Candidate><Ranking>2</Ranking><Elected>yes</Elected></Selection><Selection><AffiliationIdentifier Id="12"><RegisteredName>DENK</RegisteredName></AffiliationIdentifier><Elected>yes</Elected></Selection><Selection><Candidate><CandidateIdentifier Id="1" ShortCode="AzarkanF"></CandidateIdentifier><CandidateFullName><xnl:PersonName><xnl:NameLine NameType="Initials">F.</xnl:NameLine><xnl:FirstName>Farid</xnl:FirstName><xnl:NamePrefix></xnl:NamePrefix><xnl:LastName>Azarkan</xnl:LastName></xnl:PersonName></CandidateFullName><Gender>male</Gender><QualifyingAddress><xal:Locality><xal:LocalityName>Culemborg</xal:LocalityName></xal:Locality></QualifyingAddress></Candidate><Ranking>1</Ranking><Elected>yes</Elected></Selection><Selection><Candidate><CandidateIdentifier Id="2" ShortCode="KuzuT"></CandidateIdentifier><CandidateFullName><xnl:PersonName><xnl:NameLine NameType="Initials">T.</xnl:NameLine><xnl:FirstName>Tunahan</xnl:FirstName><xnl:NamePrefix></xnl:NamePrefix><xnl:LastName>Kuzu</xnl:LastName></xnl:PersonName></CandidateFullName><Gender>male</Gender><QualifyingAddress><xal:Locality><xal:LocalityName>Rotterdam</xal:LocalityName></xal:Locality></QualifyingAddress></Candidate><Ranking>1</Ranking><Elected>yes</Elected></Selection><Selection><Candidate><CandidateIdentifier Id="3" ShortCode="BaarleSRT"></CandidateIdentifier><CandidateFullName><xnl:PersonName><xnl:NameLine NameType="Initials">S.R.T.</xnl:NameLine><xnl:FirstName>Stephan</xnl:FirstName><xnl:NamePrefix>van</xnl:NamePrefix><xnl:LastName>Baarle</xnl:LastName></xnl:PersonName></CandidateFullName><Gender>male</Gender><QualifyingAddress><xal:Locality><xal:LocalityName>Rotterdam</xal:LocalityName></xal:Locality></QualifyingAddress></Candidate><Ranking>2</Ranking><Elected>yes</Elected></Selection><Selection><AffiliationIdentifier Id="13"><RegisteredName>Forum voor Democratie</RegisteredName></AffiliationIdentifier><Elected>yes</Elected></Selection><Selection><Candidate><CandidateIdentifier Id="1" ShortCode="BaudetTHP"></CandidateIdentifier><CandidateFullName><xnl:PersonName><xnl:NameLine NameType="Initials">T.H.P.</xnl:NameLine><xnl:FirstName></xnl:FirstName><xnl:NamePrefix></xnl:NamePrefix><xnl:LastName>Baudet</xnl:LastName></xnl:PersonName></CandidateFullName><QualifyingAddress><xal:Locality><xal:LocalityName>Amsterdam</xal:LocalityName></xal:Locality></QualifyingAddress></Candidate><Ranking>1</Ranking><Elected>yes</Elected></Selection><Selection><Candidate><CandidateIdentifier Id="2" ShortCode="HagaWR"></CandidateIdentifier><CandidateFullName><xnl:PersonName><xnl:NameLine NameType="Initials">W.R.</xnl:NameLine><xnl:FirstName></xnl:FirstName><xnl:NamePrefix>van</xnl:NamePrefix><xnl:LastName>Haga</xnl:LastName></xnl:PersonName></CandidateFullName><QualifyingAddress><xal:Locality><xal:LocalityName>Haarlem</xal:LocalityName></xal:Locality></QualifyingAddress></Candidate><Ranking>1</Ranking><Elected>yes</Elected></Selection><Selection><Candidate><CandidateIdentifier Id="3" ShortCode="EphraimOR"></CandidateIdentifier><CandidateFullName><xnl:PersonName><xnl:NameLine NameType="Initials">O.R.</xnl:NameLine><xnl:FirstName></xnl:FirstName><xnl:NamePrefix></xnl:NamePrefix><xnl:LastName>Ephraim</xnl:LastName></xnl:PersonName></CandidateFullName><QualifyingAddress><xal:Locality><xal:LocalityName>Amsterdam</xal:LocalityName></xal:Locality></QualifyingAddress></Candidate><Ranking>2</Ranking><Elected>yes</Elected></Selection><Selection><Candidate><CandidateIdentifier Id="4" ShortCode="SmoldersHAJ"></CandidateIdentifier><CandidateFullName><xnl:PersonName><xnl:NameLine NameType="Initials">H.A.J.</xnl:NameLine><xnl:FirstName></xnl:FirstName><xnl:NamePrefix></xnl:NamePrefix><xnl:LastName>Smolders</xnl:LastName></xnl:PersonName></CandidateFullName><QualifyingAddress><xal:Locality><xal:LocalityName>Tilburg</xal:LocalityName></xal:Locality></QualifyingAddress></Candidate><Ranking>2</Ranking><Elected>yes</Elected></Selection><Selection><Candidate><CandidateIdentifier Id="5" ShortCode="KerseboomS"></CandidateIdentifier><CandidateFullName><xnl:PersonName><xnl:NameLine NameType="Initials">S.</xnl:NameLine><xnl:FirstName></xnl:FirstName><xnl:NamePrefix></xnl:NamePrefix><xnl:LastName>Kerseboom</xnl:LastName></xnl:PersonName></CandidateFullName><QualifyingAddress><xal:Locality><xal:LocalityName>Maastricht</xal:LocalityName></xal:Locality></QualifyingAddress></Candidate><Ranking>2</Ranking><Elected>yes</Elected></Selection><Selection><Candidate><CandidateIdentifier Id="6" ShortCode="MeijerenGFC"></CandidateIdentifier><CandidateFullName><xnl:PersonName><xnl:NameLine NameType="Initials">G.F.C.</xnl:NameLine><xnl:FirstName></xnl:FirstName><xnl:NamePrefix>van</xnl:NamePrefix><xnl:LastName>Meijeren</xnl:LastName></xnl:PersonName></CandidateFullName><QualifyingAddress><xal:Locality><xal:LocalityName>'s-Gravenhage</xal:LocalityName></xal:Locality></QualifyingAddress></Candidate><Ranking>2</Ranking><Elected>yes</Elected></Selection><Selection><Candidate><CandidateIdentifier Id="7" ShortCode="JansenFJH"></CandidateIdentifier><CandidateFullName><xnl:PersonName><xnl:NameLine NameType="Initials">F.J.H.</xnl:NameLine><xnl:FirstName></xnl:FirstName><xnl:NamePrefix></xnl:NamePrefix><xnl:LastName>Jansen</xnl:LastName></xnl:PersonName></CandidateFullName><QualifyingAddress><xal:Locality><xal:LocalityName>'s-Gravenhage</xal:LocalityName></xal:Locality></QualifyingAddress></Candidate><Ranking>2</Ranking><Elected>yes</Elected></Selection><Selection><Candidate><CandidateIdentifier Id="8" ShortCode="HouwelingenP"></CandidateIdentifier><CandidateFullName><xnl:PersonName><xnl:NameLine NameType="Initials">P.</xnl:NameLine><xnl:FirstName></xnl:FirstName><xnl:NamePrefix>van</xnl:NamePrefix><xnl:LastName>Houwelingen</xnl:LastName></xnl:PersonName></CandidateFullName><QualifyingAddress><xal:Locality><xal:LocalityName>'s-Gravenhage</xal:LocalityName></xal:Locality></QualifyingAddress></Candidate><Ranking>2</Ranking><Elected>yes</Elected></Selection><Selection><AffiliationIdentifier Id="14"><RegisteredName>BIJ1</RegisteredName></AffiliationIdentifier><Elected>yes</Elected></Selection><Selection><Candidate><CandidateIdentifier Id="1" ShortCode="SimonsSH"></CandidateIdentifier><CandidateFullName><xnl:PersonName><xnl:NameLine NameType="Initials">S.H.</xnl:NameLine><xnl:FirstName>Sylvana</xnl:FirstName><xnl:NamePrefix></xnl:NamePrefix><xnl:LastName>Simons</xnl:LastName></xnl:PersonName></CandidateFullName><Gender>female</Gender><QualifyingAddress><xal:Locality><xal:LocalityName>Duivendrecht</xal:LocalityName></xal:Locality></QualifyingAddress></Candidate><Ranking>1</Ranking><Elected>yes</Elected></Selection><Selection><AffiliationIdentifier Id="15"><RegisteredName>JA21</RegisteredName></AffiliationIdentifier><Elected>yes</Elected></Selection><Selection><Candidate><CandidateIdentifier Id="1" ShortCode="EerdmansBJ"></CandidateIdentifier><CandidateFullName><xnl:PersonName><xnl:NameLine NameType="Initials">B.J.</xnl:NameLine><xnl:FirstName>Joost</xnl:FirstName><xnl:NamePrefix></xnl:NamePrefix><xnl:LastName>Eerdmans</xnl:LastName></xnl:PersonName></CandidateFullName><Gender>male</Gender><QualifyingAddress><xal:Locality><xal:LocalityName>Rotterdam</xal:LocalityName></xal:Locality></QualifyingAddress></Candidate><Ranking>1</Ranking><Elected>yes</Elected></Selection><Selection><Candidate><CandidateIdentifier Id="2" ShortCode="PouwVerweijNJF"></CandidateIdentifier><CandidateFullName><xnl:PersonName><xnl:NameLine NameType="Initials">N.J.F.</xnl:NameLine><xnl:FirstName>Nicki</xnl:FirstName><xnl:NamePrefix></xnl:NamePrefix><xnl:LastName>Pouw-Verweij</xnl:LastName></xnl:PersonName></CandidateFullName><Gender>female</Gender><QualifyingAddress><xal:Locality><xal:LocalityName>Maarssen</xal:LocalityName></xal:Locality></QualifyingAddress></Candidate><Ranking>2</Ranking><Elected>yes</Elected></Selection><Selection><Candidate><CandidateIdentifier Id="3" ShortCode="EppinkDJ"></CandidateIdentifier><CandidateFullName><xnl:PersonName><xnl:NameLine NameType="Initials">D.J.</xnl:NameLine><xnl:FirstName>Derk Jan</xnl:FirstName><xnl:NamePrefix></xnl:NamePrefix><xnl:LastName>Eppink</xnl:LastName></xnl:PersonName></CandidateFullName><Gender>male</Gender><QualifyingAddress><xal:Locality><xal:LocalityName>'s-Gravenhage</xal:LocalityName></xal:Locality></QualifyingAddress></Candidate><Ranking>2</Ranking><Elected>yes</Elected></Selection><Selection><AffiliationIdentifier Id="17"><RegisteredName>Volt</RegisteredName></AffiliationIdentifier><Elected>yes</Elected></Selection><Selection><Candidate><CandidateIdentifier Id="1" ShortCode="DassenLAJM"></CandidateIdentifier><CandidateFullName><xnl:PersonName><xnl:NameLine NameType="Initials">L.A.J.M.</xnl:NameLine><xnl:FirstName>Laurens</xnl:FirstName><xnl:NamePrefix></xnl:NamePrefix><xnl:LastName>Dassen</xnl:LastName></xnl:PersonName></CandidateFullName><Gender>male</Gender><QualifyingAddress><xal:Locality><xal:LocalityName>Amsterdam</xal:LocalityName></xal:Locality></QualifyingAddress></Candidate><Ranking>1</Ranking><Elected>yes</Elected></Selection><Selection><Candidate><CandidateIdentifier Id="2" ShortCode="GündoğanN"></CandidateIdentifier><CandidateFullName><xnl:PersonName><xnl:NameLine NameType="Initials">N.</xnl:NameLine><xnl:FirstName>Nilüfer</xnl:FirstName><xnl:NamePrefix></xnl:NamePrefix><xnl:LastName>Gündoğan</xnl:LastName></xnl:PersonName></CandidateFullName><Gender>female</Gender><QualifyingAddress><xal:Locality><xal:LocalityName>Amsterdam</xal:LocalityName></xal:Locality></QualifyingAddress></Candidate><Ranking>1</Ranking><Elected>yes</Elected></Selection><Selection><Candidate><CandidateIdentifier Id="3" ShortCode="KoekkoekM"></CandidateIdentifier><CandidateFullName><xnl:PersonName><xnl:NameLine NameType="Initials">M.</xnl:NameLine><xnl:FirstName>Marieke</xnl:FirstName><xnl:NamePrefix></xnl:NamePrefix><xnl:LastName>Koekkoek</xnl:LastName></xnl:PersonName></CandidateFullName><Gender>female</Gender><QualifyingAddress><xal:Locality><xal:LocalityName>Utrecht</xal:LocalityName></xal:Locality></QualifyingAddress></Candidate><Ranking>1</Ranking><Elected>yes</Elected></Selection><Selection><AffiliationIdentifier Id="23"><RegisteredName>BBB</RegisteredName></AffiliationIdentifier><Elected>yes</Elected></Selection><Selection><Candidate><CandidateIdentifier Id="1" ShortCode="PlasCAM"></CandidateIdentifier><CandidateFullName><xnl:PersonName><xnl:NameLine NameType="Initials">C.A.M.</xnl:NameLine><xnl:FirstName>Caroline</xnl:FirstName><xnl:NamePrefix>van der</xnl:NamePrefix><xnl:LastName>Plas</xnl:LastName></xnl:PersonName></CandidateFullName><Gender>female</Gender><QualifyingAddress><xal:Locality><xal:LocalityName>Deventer</xal:LocalityName></xal:Locality></QualifyingAddress></Candidate><Ranking>1</Ranking><Elected>yes</Elected></Selection></Contest></Election></Result></EML>